feature,outcome,n,partial_rank_r,p,covars,q_BH
B1_multilevel,global,58,0.2833892687977267,0.031110904448954844,"['age', 'years_of_education', 'peak_interval_mean', 'peak_interval_cv', 'spectral_entropy', 'dvars_pct', 'tsnr']",0.5763673334099082
B1_mean_D,global,58,0.2708375770025488,0.03974947126964884,"['age', 'years_of_education', 'peak_interval_mean', 'peak_interval_cv', 'spectral_entropy', 'dvars_pct', 'tsnr']",0.5763673334099082
sd_lambda,global,58,-0.20020316665407076,0.13185877354990544,"['age', 'years_of_education', 'peak_interval_mean', 'peak_interval_cv', 'spectral_entropy', 'dvars_pct', 'tsnr']",0.8842191551951669
B1_mean_lambda,global,58,-0.17410006422258917,0.19119538271055975,"['age', 'years_of_education', 'peak_interval_mean', 'peak_interval_cv', 'spectral_entropy', 'dvars_pct', 'tsnr']",0.8842191551951669
pivot_rate,global,58,-0.16653844900431877,0.21149821074079855,"['age', 'years_of_education', 'peak_interval_mean', 'peak_interval_cv', 'spectral_entropy', 'dvars_pct', 'tsnr']",0.8842191551951669
B0_mean_H,global,58,-0.1387385646863137,0.29897503554473986,"['age', 'years_of_education', 'peak_interval_mean', 'peak_interval_cv', 'spectral_entropy', 'dvars_pct', 'tsnr']",0.8842191551951669
mean_H,global,58,-0.11735790613821477,0.3802954009180803,"['age', 'years_of_education', 'peak_interval_mean', 'peak_interval_cv', 'spectral_entropy', 'dvars_pct', 'tsnr']",0.8842191551951669
B2_mean_D,global,58,-0.11290802418314494,0.39874402772990564,"['age', 'years_of_education', 'peak_interval_mean', 'peak_interval_cv', 'spectral_entropy', 'dvars_pct', 'tsnr']",0.8842191551951669
B3_mean_D,global,58,-0.11238369582097876,0.4009518031837272,"['age', 'years_of_education', 'peak_interval_mean', 'peak_interval_cv', 'spectral_entropy', 'dvars_pct', 'tsnr']",0.8842191551951669
mean_lambda,global,58,-0.11218033634719772,0.4018100021065191,"['age', 'years_of_education', 'peak_interval_mean', 'peak_interval_cv', 'spectral_entropy', 'dvars_pct', 'tsnr']",0.8842191551951669
sd_H,global,58,-0.10925473273998335,0.41427460610982525,"['age', 'years_of_education', 'peak_interval_mean', 'peak_interval_cv', 'spectral_entropy', 'dvars_pct', 'tsnr']",0.8842191551951669
tree_span_time,global,58,-0.10839098926849922,0.4179967014590737,"['age', 'years_of_education', 'peak_interval_mean', 'peak_interval_cv', 'spectral_entropy', 'dvars_pct', 'tsnr']",0.8842191551951669
B1_mean_H,global,58,-0.10421847947142127,0.4362448963116493,"['age', 'years_of_education', 'peak_interval_mean', 'peak_interval_cv', 'spectral_entropy', 'dvars_pct', 'tsnr']",0.8842191551951669
sd_D,global,58,-0.09655021316495246,0.4709188392045851,"['age', 'years_of_education', 'peak_interval_mean', 'peak_interval_cv', 'spectral_entropy', 'dvars_pct', 'tsnr']",0.8842191551951669
B2_multilevel,global,58,-0.0951471267571643,0.47741946183038825,"['age', 'years_of_education', 'peak_interval_mean', 'peak_interval_cv', 'spectral_entropy', 'dvars_pct', 'tsnr']",0.8842191551951669
B3_multilevel,global,58,-0.08230312162773804,0.5390827567529419,"['age', 'years_of_education', 'peak_interval_mean', 'peak_interval_cv', 'spectral_entropy', 'dvars_pct', 'tsnr']",0.8842191551951669
mean_D,global,58,-0.08028571166208419,0.5491089355578164,"['age', 'years_of_education', 'peak_interval_mean', 'peak_interval_cv', 'spectral_entropy', 'dvars_pct', 'tsnr']",0.8842191551951669
B0_mean_D,global,58,-0.07919858709614727,0.5545486076685916,"['age', 'years_of_education', 'peak_interval_mean', 'peak_interval_cv', 'spectral_entropy', 'dvars_pct', 'tsnr']",0.8842191551951669
B0_mean_lambda,global,58,-0.0737052179025732,0.582421083338304,"['age', 'years_of_education', 'peak_interval_mean', 'peak_interval_cv', 'spectral_entropy', 'dvars_pct', 'tsnr']",0.8842191551951669
B2_mean_lambda,global,58,0.05793746547962167,0.6657438993668018,"['age', 'years_of_education', 'peak_interval_mean', 'peak_interval_cv', 'spectral_entropy', 'dvars_pct', 'tsnr']",0.8842191551951669
multilevel,global,58,0.05710726991481103,0.6702563429758177,"['age', 'years_of_education', 'peak_interval_mean', 'peak_interval_cv', 'spectral_entropy', 'dvars_pct', 'tsnr']",0.8842191551951669
B3_mean_lambda,global,58,0.056600741565659855,0.6730152357074719,"['age', 'years_of_education', 'peak_interval_mean', 'peak_interval_cv', 'spectral_entropy', 'dvars_pct', 'tsnr']",0.8842191551951669
tree_span_events,global,58,-0.051455468341432,0.7012772610168565,"['age', 'years_of_education', 'peak_interval_mean', 'peak_interval_cv', 'spectral_entropy', 'dvars_pct', 'tsnr']",0.8842191551951669
tree_root_fraction,global,58,0.030582519446120504,0.8197297034249102,"['age', 'years_of_education', 'peak_interval_mean', 'peak_interval_cv', 'spectral_entropy', 'dvars_pct', 'tsnr']",0.9102351940040859
pivot_depth,global,58,0.027391597522631483,0.8382712156593531,"['age', 'years_of_education', 'peak_interval_mean', 'peak_interval_cv', 'spectral_entropy', 'dvars_pct', 'tsnr']",0.9102351940040859
B0_multilevel,global,58,-0.0272470848638862,0.8391130882033797,"['age', 'years_of_education', 'peak_interval_mean', 'peak_interval_cv', 'spectral_entropy', 'dvars_pct', 'tsnr']",0.9102351940040859
B3_mean_H,global,58,-0.025815860286030983,0.8474603530382868,"['age', 'years_of_education', 'peak_interval_mean', 'peak_interval_cv', 'spectral_entropy', 'dvars_pct', 'tsnr']",0.9102351940040859
compound_pivot_fraction,global,58,0.0076747336815219235,0.9544038160927274,"['age', 'years_of_education', 'peak_interval_mean', 'peak_interval_cv', 'spectral_entropy', 'dvars_pct', 'tsnr']",0.9804664182710467
B2_mean_H,global,58,-0.003286462913750936,0.9804664182710467,"['age', 'years_of_education', 'peak_interval_mean', 'peak_interval_cv', 'spectral_entropy', 'dvars_pct', 'tsnr']",0.9804664182710467
