contrast,feature,other_mean,pd_mean,diff_pd_minus_other,welch_p,hedges_g,q_BH_within_contrast
pd-vs-als,LTO_mean_H,9.19921875,8.958705357142858,-0.24051339285714235,0.021404947331608713,-0.9221564431104337,0.41553806193907594
pd-vs-als,mean_H,8.626953125,8.426618303571429,-0.20033482142857117,0.029043826298393152,-0.8818871005624015,0.41553806193907594
pd-vs-als,RHS_mean_H,9.075520833333334,8.8359375,-0.23958333333333393,0.0651941012667594,-0.7522696159826362,0.41553806193907594
pd-vs-als,mean_lambda,7.455078125,7.268694196428571,-0.18638392857142883,0.0716444934377717,-0.7218333158582728,0.41553806193907594
pd-vs-als,projection_depth_mean,4.934895833333334,4.686383928571429,-0.2485119047619051,0.07164449343777171,-0.7218333158582729,0.41553806193907594
pd-vs-als,RTO_mean_H,9.20703125,8.986607142857142,-0.22042410714285765,0.15480955304969332,-0.5719318886505206,0.623355070732339
pd-vs-als,RTO_mean_lambda,9.20703125,8.986607142857142,-0.22042410714285765,0.15480955304969332,-0.5719318886505206,0.623355070732339
pd-vs-als,RHS_mean_lambda,8.5546875,8.175223214285714,-0.3794642857142865,0.1719600195123694,-0.5480530183239677,0.623355070732339
pd-vs-als,LTO_mean_lambda,9.04296875,8.897321428571429,-0.14564732142857117,0.24911675828912577,-0.4577964634205744,0.802709554487183
pd-vs-als,tree_root_fraction,0.003907526552287582,0.00390625,-1.2765522875816948e-06,0.3388006961962015,-0.4129361243098139,0.8909213291402525
pd-vs-als,LTO_mean_D,1.15625,1.0613839285714286,-0.0948660714285714,0.36521127601855446,-0.3852977326535492,0.8909213291402525
pd-vs-als,RHS_mean_D,1.5208333333333333,1.6607142857142858,0.13988095238095255,0.39866824744916196,0.333515579063832,0.8909213291402525
pd-vs-als,RHS_multilevel,0.18619791666666666,0.22991071428571427,0.043712797619047616,0.4200111399408373,0.3174795861823683,0.8909213291402525
pd-vs-als,LHS_mean_H,7.026041666666667,6.925223214285714,-0.10081845238095255,0.5094951006846709,-0.2647326532404776,0.8909213291402525
pd-vs-als,LHS_mean_D,5.010416666666667,4.909598214285714,-0.10081845238095255,0.5094951006846709,-0.2647326532404776,0.8909213291402525
pd-vs-als,pivot_depth,2.7367687866077213,2.6527261850921966,-0.08404260151552467,0.5497521720027676,-0.24169650603803775,0.8909213291402525
pd-vs-als,tree_span_events,2.7018694354382173,2.6910364145658265,-0.010833020872390797,0.5682701647513472,-0.22671496906206567,0.8909213291402525
pd-vs-als,compound_pivot_fraction,0.8451529786300239,0.8612248236014676,0.01607184497144365,0.5807389113242696,0.22218002852556143,0.8909213291402525
pd-vs-als,multilevel,0.3111979166666667,0.31919642857142855,0.007998511904761862,0.5837070777125792,0.216383946475441,0.8909213291402525
pd-vs-als,LTO_multilevel,0.05859375,0.046875,-0.01171875,0.700852598828513,-0.15481439981727246,1.0
pd-vs-als,mean_D,2.171875,2.157924107142857,-0.013950892857142794,0.8013409879591146,-0.10145569542821926,1.0
pd-vs-als,projection_error_ms_mean,2.2970468026620368,2.302977546812996,0.005930744150959288,0.926526004593405,0.034921734604379445,1.0
pd-vs-als,tree_span_time,1.2423933666724565,1.2412990196078433,-0.0010943470646131992,0.9331287442534699,-0.033156308747878206,1.0
pd-vs-als,pivot_rate,0.3030598958333333,0.302734375,-0.00032552083333331483,0.968509826887354,-0.015269196907177781,1.0
pd-vs-als,projection_error_ms_max,5.0,5.0,0.0,1.0,0.0,1.0
pd-vs-als,LHS_mean_lambda,3.015625,3.015625,0.0,,,1.0
pd-vs-als,LHS_multilevel,1.0,1.0,0.0,,,1.0
pd-vs-als,RTO_mean_D,1.0,1.0,0.0,,,1.0
pd-vs-als,RTO_multilevel,0.0,0.0,0.0,,,1.0
pd-vs-control,mean_D,2.33837890625,2.157924107142857,-0.1804547991071428,8.31291113291487e-05,-1.6144571481227215,0.0024107442285453123
pd-vs-control,compound_pivot_fraction,0.7554927041176307,0.8612248236014676,0.10573211948383687,0.000750197841281083,1.3245987521738098,0.008349021028546226
pd-vs-control,LHS_mean_H,7.3623046875,6.925223214285714,-0.4370814732142856,0.0011515891073856862,-1.26946135338519,0.008349021028546226
pd-vs-control,LHS_mean_D,5.3466796875,4.909598214285714,-0.4370814732142856,0.0011515891073856862,-1.26946135338519,0.008349021028546226
pd-vs-control,tree_span_time,1.2089920343137255,1.2412990196078433,0.032306985294117796,0.0024614227121952494,1.1938964787789843,0.014276251730732447
pd-vs-control,pivot_depth,2.387711815623535,2.6527261850921966,0.26501436946866175,0.005855421550353769,1.0677883550361598,0.028301204160043215
pd-vs-control,tree_span_events,2.6585784313725496,2.6910364145658265,0.032457983193276974,0.033471254211797634,0.7944184745059922,0.13866662459173304
pd-vs-control,RHS_mean_D,1.978515625,1.6607142857142858,-0.3178013392857142,0.05495991164478552,-0.6993767267631255,0.1992296797123475
pd-vs-control,RHS_multilevel,0.3125,0.22991071428571427,-0.08258928571428573,0.12795442698347875,-0.5479128380589368,0.4031110219158839
pd-vs-control,RHS_mean_lambda,7.7705078125,8.175223214285714,0.4047154017857135,0.1390038006606496,0.5306015526423047,0.4031110219158839
pd-vs-control,LTO_mean_D,1.0283203125,1.0613839285714286,0.0330636160714286,0.17197076774893313,0.5307381840657942,0.4450413639532668
pd-vs-control,LTO_multilevel,0.025390625,0.046875,0.021484375,0.20432478342626817,0.4819556638077057,0.4450413639532668
pd-vs-control,projection_depth_mean,4.518880208333333,4.686383928571429,0.1675037202380958,0.23107939792607535,0.42862188565434733,0.4450413639532668
pd-vs-control,mean_lambda,7.14306640625,7.268694196428571,0.12562779017857117,0.23107939792607773,0.4286218856543451,0.4450413639532668
pd-vs-control,multilevel,0.33447265625,0.31919642857142855,-0.015276227678571452,0.2608789392937397,-0.4011951413248985,0.4450413639532668
pd-vs-control,projection_error_ms_mean,2.2374047173394094,2.302977546812996,0.06557282947358667,0.2740191578109719,0.40626762425653246,0.4450413639532668
pd-vs-control,RTO_mean_H,8.8193359375,8.986607142857142,0.16727120535714235,0.2762325707296139,0.3861984016631311,0.4450413639532668
pd-vs-control,RTO_mean_lambda,8.8193359375,8.986607142857142,0.16727120535714235,0.2762325707296139,0.3861984016631311,0.4450413639532668
pd-vs-control,pivot_rate,0.292236328125,0.302734375,0.010498046875,0.41743682125545123,0.28103962449248476,0.6371404113898993
pd-vs-control,RHS_mean_H,8.7490234375,8.8359375,0.0869140625,0.46592252761750425,0.2586195864659013,0.6755876650453811
pd-vs-control,LTO_mean_lambda,8.966796875,8.897321428571429,-0.06947544642857117,0.5438162571503217,-0.21610851327804598,0.7252877970468578
pd-vs-control,mean_H,8.4814453125,8.426618303571429,-0.054827008928571175,0.550218328794168,-0.2125803059097909,0.7252877970468578
pd-vs-control,LTO_mean_H,8.9951171875,8.958705357142858,-0.03641183035714235,0.7430742881522783,-0.11651853828668925,0.9369197546267857
pd-vs-control,projection_error_ms_max,5.0,5.0,0.0,1.0,0.0,1.0
pd-vs-control,tree_root_fraction,0.00390625,0.00390625,0.0,,,1.0
pd-vs-control,LHS_mean_lambda,3.015625,3.015625,0.0,,,1.0
pd-vs-control,LHS_multilevel,1.0,1.0,0.0,,,1.0
pd-vs-control,RTO_mean_D,1.0,1.0,0.0,,,1.0
pd-vs-control,RTO_multilevel,0.0,0.0,0.0,,,1.0
pd-vs-hd,compound_pivot_fraction,0.7783561632847955,0.8612248236014676,0.08286866031667206,0.004342800982021983,1.0083817717602162,0.04305074205967061
pd-vs-hd,LHS_mean_H,7.331597222222222,6.925223214285714,-0.4063740079365079,0.004453525040655581,-1.0147008324987685,0.04305074205967061
pd-vs-hd,LHS_mean_D,5.315972222222222,4.909598214285714,-0.4063740079365079,0.004453525040655581,-1.0147008324987685,0.04305074205967061
pd-vs-hd,pivot_depth,2.4557296590654905,2.6527261850921966,0.19699652602670614,0.02865121311614764,0.810408528909933,0.20772129509207038
pd-vs-hd,mean_H,8.60763888888889,8.426618303571429,-0.18102058531746046,0.038719282891240436,-0.7429984496037241,0.2245718407691945
pd-vs-hd,LTO_mean_H,9.128472222222221,8.958705357142858,-0.16976686507936378,0.07701366203123558,-0.6533973646856316,0.3722326998176386
pd-vs-hd,pivot_rate,0.2897135416666667,0.302734375,0.013020833333333315,0.09867413191645398,0.5823404562182845,0.3924155478101264
pd-vs-hd,mean_D,2.2265625,2.157924107142857,-0.0686383928571428,0.1297458818708352,-0.5119976223445438,0.3924155478101264
pd-vs-hd,LTO_mean_lambda,9.044270833333334,8.897321428571429,-0.1469494047619051,0.13105837642247786,-0.552632595493603,0.3924155478101264
pd-vs-hd,RHS_mean_lambda,8.463541666666666,8.175223214285714,-0.28831845238095255,0.15536451156860728,-0.5231816637785327,0.3924155478101264
pd-vs-hd,mean_lambda,7.381076388888889,7.268694196428571,-0.11238219246031811,0.186956256171876,-0.4785341503625868,0.3924155478101264
pd-vs-hd,projection_depth_mean,4.836226851851851,4.686383928571429,-0.14984292328042237,0.18695625617188108,-0.47853415036258107,0.3924155478101264
pd-vs-hd,RHS_mean_H,8.969618055555555,8.8359375,-0.13368055555555536,0.18957983776685408,-0.4669809895333781,0.3924155478101264
pd-vs-hd,RHS_multilevel,0.17881944444444445,0.22991071428571427,0.051091269841269826,0.1970275835784113,0.4828479944471325,0.3924155478101264
pd-vs-hd,RHS_mean_D,1.5060763888888888,1.6607142857142858,0.15463789682539697,0.20297355921213434,0.47012353854907923,0.3924155478101264
pd-vs-hd,tree_span_time,1.2307200844764783,1.2412990196078433,0.010578935131364986,0.28161203479779495,0.3816999237326886,0.4953499787316202
pd-vs-hd,projection_error_ms_mean,2.2422545633198303,2.302977546812996,0.06072298349316574,0.2903775737392256,0.3939070471425165,0.4953499787316202
pd-vs-hd,projection_error_ms_max,4.994212962962964,5.0,0.005787037037036313,0.33133276203873563,0.3052185620414645,0.5057184262697242
pd-vs-hd,tree_root_fraction,0.003907958770778652,0.00390625,-1.7087707786522799e-06,0.3313327620387848,-0.30521856204143255,0.5057184262697242
pd-vs-hd,multilevel,0.3098958333333333,0.31919642857142855,0.009300595238095233,0.39479803180053447,0.3039801305796851,0.5724571461107749
pd-vs-hd,LTO_mean_D,1.0842013888888888,1.0613839285714286,-0.022817460317460236,0.4902479819958543,-0.23452937569405732,0.677009117994275
pd-vs-hd,LTO_multilevel,0.06076388888888889,0.046875,-0.013888888888888888,0.5368310700459472,-0.20897186536034404,0.7076409559696577
pd-vs-hd,tree_span_events,2.6950898585169685,2.6910364145658265,-0.004053443951141933,0.7836342564010523,-0.0948151733069347,0.9880605841578486
pd-vs-hd,RTO_mean_H,9.000868055555555,8.986607142857142,-0.014260912698413009,0.9031430566396517,-0.04298356796127149,1.0
pd-vs-hd,RTO_mean_lambda,9.000868055555555,8.986607142857142,-0.014260912698413009,0.9031430566396517,-0.04298356796127149,1.0
pd-vs-hd,LHS_mean_lambda,3.015625,3.015625,0.0,,,1.0
pd-vs-hd,LHS_multilevel,1.0,1.0,0.0,,,1.0
pd-vs-hd,RTO_mean_D,1.0,1.0,0.0,,,1.0
pd-vs-hd,RTO_multilevel,0.0,0.0,0.0,,,1.0
