subject,task,key,tr,n_volumes,n_anchors,n_peaks,n_frames,n_events,mean_H,sd_H,mean_D,sd_D,mean_lambda,sd_lambda,multilevel,pivot_rate,compound_pivot_fraction,pivot_depth,tree_span_events,tree_span_time,tree_root_fraction,projection_depth_mean,projection_error_ms_mean,projection_error_ms_max,surz_mean_H,surrmean_mean_H,surz_mean_D,surrmean_mean_D,surz_mean_lambda,surrmean_mean_lambda,surz_multilevel,surrmean_multilevel,surz_pivot_rate,surrmean_pivot_rate,surz_tree_span_events,surrmean_tree_span_events,surz_tree_span_time,surrmean_tree_span_time
sub-0001,shortvideo,ds005256/sub-0001/ses-03/func/sub-0001_ses-03_task-shortvideo_acq-mb8_run-01_bold.nii.gz,0.46000000834465027,1616,63,217,62,209,6.885167464114833,1.4859017256087617,1.1770334928229664,0.5479409041582503,6.708133971291866,1.7197889129315627,0.11961722488038277,0.2631578947368421,0.7454545454545455,2.2,2.9903381642512077,1.7560386473429952,0.009569377990430622,2.8086124401913874,97.17293063364546,227.99815189370452,-0.19600462519332354,6.902941202220224,0.7420768247876622,1.1466940066177636,-0.4058039145168703,6.75624719560246,1.1297445755661268,0.09430457050141472,0.21930846611177943,0.2597924547513313,-0.5983496255124954,3.1556692091622605,-0.7564266050042588,1.8764134572774083
sub-0002,shortvideo,ds005256/sub-0002/ses-03/func/sub-0002_ses-03_task-shortvideo_acq-mb8_run-01_bold.nii.gz,0.46000000834465027,1616,63,130,62,127,6.834645669291339,1.7582629393607512,1.078740157480315,0.3474692909258068,6.755905511811024,1.850424813657968,0.05511811023622047,0.2755905511811024,0.6571428571428571,2.4571428571428573,2.5555555555555554,2.5089285714285716,0.007874015748031496,2.811023622047244,102.23609342340944,228.25127762001844,0.2815135588839184,6.802425674217576,-0.5022354208492572,1.0960904854755424,0.3783306938734064,6.706335188742033,-0.648147216443995,0.0674513946491069,0.7167094664024825,0.26109088430155913,-0.872688983472559,2.8015050976799745,-0.8370602250320647,2.756345086534097
sub-0003,shortvideo,ds005256/sub-0003/ses-03/func/sub-0003_ses-03_task-shortvideo_acq-mb8_run-01_bold.nii.gz,0.46000000834465027,1616,63,216,62,209,6.889952153110048,1.523010839400179,1.167464114832536,0.5421589497841603,6.722488038277512,1.7151815140264755,0.11961722488038277,0.2631578947368421,0.7272727272727273,2.2,3.0776699029126213,1.7994538834951457,0.014354066985645933,2.8421052631578947,98.218105402338,229.06868428707867,-0.6453624210643761,6.9273976245628,0.5204341739729582,1.151516423550259,-0.7433289870141704,6.775881201012542,1.153559438749863,0.09769562551355554,0.17066597017977855,0.26072774646536123,-0.39122256479413015,3.1989977792208446,-0.5795525026261705,1.9083612507347996
sub-0004,shortvideo,ds005256/sub-0004/ses-03/func/sub-0004_ses-03_task-shortvideo_acq-mb8_run-01_bold.nii.gz,0.46000000834465027,1616,63,223,62,214,7.0327102803738315,1.5117241781442263,1.0794392523364487,0.33321264982187626,6.953271028037383,1.6294425877754068,0.06074766355140187,0.2570093457943925,0.6909090909090909,2.0545454545454547,2.8341232227488153,1.6048578199052133,0.014018691588785047,3.032710280373832,97.70792586913444,229.50820449459172,1.4484458455473643,6.918721432941597,-1.7590305809734599,1.146551090172276,1.6920867944614377,6.77217034276932,-1.6317702576148878,0.09321104486202998,-0.0862541336501591,0.2583269254573943,-1.2560723727432823,3.133792188360708,-1.5122107240137224,1.8156342916825605
sub-0005,shortvideo,ds005256/sub-0005/ses-03/func/sub-0005_ses-03_task-shortvideo_acq-mb8_run-01_bold.nii.gz,0.46000000834465027,1616,63,204,62,199,6.909547738693467,1.5014670591725328,1.1557788944723617,0.4828935003534631,6.7537688442211055,1.7099451721478347,0.11055276381909548,0.2562814070351759,0.6666666666666666,2.0784313725490198,3.0913705583756346,1.923540609137056,0.010050251256281407,2.869346733668342,98.76017915078278,226.5290181247366,-0.30117086467521925,6.9324907314710655,0.15906191596083963,1.1494256375037788,-0.2923931837038309,6.783065093967289,0.6052639563141132,0.0968905725057828,-0.22767585547192096,0.2610485879480241,0.35153503346891557,3.0283157033319714,0.005036997523217327,1.9230003783468066
sub-0006,shortvideo,ds005256/sub-0006/ses-03/func/sub-0006_ses-03_task-shortvideo_acq-mb8_run-01_bold.nii.gz,0.46000000834465027,1616,63,165,62,158,6.949367088607595,1.5833427042698993,1.1139240506329113,0.4065496192607582,6.8354430379746836,1.7625284367536413,0.08227848101265822,0.27848101265822783,0.6818181818181818,2.2954545454545454,2.871794871794872,2.2475961538461537,0.012658227848101266,2.981012658227848,95.14971112613551,229.60425670714824,0.5034755591071142,6.903547120508464,-0.4715504868054525,1.130084942964231,0.5931095586903712,6.773462177544234,-0.27567642939498527,0.08752302263800668,0.5761909653097717,0.2663979710366496,-0.3630887872898034,2.9664713100841698,-0.2103834709749277,2.2895363779605535
sub-0007,shortvideo,ds005256/sub-0007/ses-03/func/sub-0007_ses-03_task-shortvideo_acq-mb8_run-01_bold.nii.gz,0.46000000834465027,1616,63,217,62,209,6.913875598086125,1.428504060139269,1.1483253588516746,0.48239144791061395,6.76555023923445,1.6253874711459158,0.10526315789473684,0.24880382775119617,0.6538461538461539,2.0576923076923075,3.63768115942029,2.1394927536231885,0.009569377990430622,2.8373205741626792,103.30109627376845,229.6183721138761,0.24220718569054983,6.8998649984437375,-0.5061425542001543,1.1646870740398647,0.4026565722823382,6.735177924403873,-0.15681933628752956,0.10804512710283506,-0.6855730902823796,0.2593277790638396,2.666073079647522,3.056229393265046,2.620807036827096,1.822598416308459
sub-0008,shortvideo,ds005256/sub-0008/ses-03/func/sub-0008_ses-03_task-shortvideo_acq-mb8_run-01_bold.nii.gz,0.46000000834465027,1616,63,212,62,203,6.931034482758621,1.4090135633049563,1.0935960591133005,0.39314468954201276,6.83743842364532,1.556900112498709,0.059113300492610835,0.23645320197044334,0.6458333333333334,2.0833333333333335,2.755,1.6790625,0.014778325123152709,2.9113300492610836,103.8158335142085,229.35181208138314,0.167614799302005,6.920760257848721,-1.8406631051656044,1.1543293505606895,0.8536514073760323,6.766430907288031,-2.2713011110232753,0.09811536831978361,-1.7668691977063287,0.2645643425384707,-1.187071006084331,3.0849300402313538,-1.172888446244266,1.8758451067191482
sub-0009,shortvideo,ds005256/sub-0009/ses-03/func/sub-0009_ses-03_task-shortvideo_acq-mb8_run-01_bold.nii.gz,0.46000000834465027,1616,63,207,62,200,6.965,1.4540793422878757,1.115,0.4503209352490932,6.85,1.634274845721118,0.08,0.255,0.7450980392156863,2.176470588235294,3.308080808080808,2.040719696969697,0.01,2.965,102.13176447787497,226.16587521918063,0.556883478055515,6.9237644262208375,-0.8855352839123679,1.1387432524655758,0.7127841924235069,6.785021173755263,-0.6654655449673497,0.09218253116249574,-0.024298065939227592,0.2553948504441037,0.819248731669352,3.0730284392912903,0.7068199612087311,1.9142609139571007
sub-0010,shortvideo,ds005256/sub-0010/ses-03/func/sub-0010_ses-03_task-shortvideo_acq-mb8_run-01_bold.nii.gz,0.46000000834465027,1616,63,202,62,191,6.858638743455497,1.5579731199513822,1.162303664921466,0.5427444217145737,6.696335078534031,1.768715612728736,0.09947643979057591,0.2670157068062827,0.6470588235294118,2.196078431372549,2.914438502673797,1.8786764705882353,0.020942408376963352,2.738219895287958,95.51213204521662,229.9645053301519,-0.7498340502477407,6.918984539998474,0.6064718233286337,1.14340812458972,-0.7928484093024819,6.775576415408754,0.2759317042526029,0.09495068265245879,0.4826498484882349,0.25903078729017387,-0.3044164284327372,2.9910577810094217,-0.1964086289031883,1.9085987136829503
sub-0011,shortvideo,ds005256/sub-0011/ses-03/func/sub-0011_ses-03_task-shortvideo_acq-mb8_run-01_bold.nii.gz,0.46000000834465027,1616,63,226,62,217,6.972350230414746,1.4685500870764543,1.1244239631336406,0.4983331149915525,6.847926267281106,1.6859736812292108,0.06912442396313365,0.24423963133640553,0.6981132075471698,2.207547169811321,2.8511627906976744,1.6375,0.009216589861751152,2.9723502304147464,96.70741757135173,220.0597868880154,0.8493140052139256,6.922308095594649,-0.5310571771071838,1.138329234947371,0.9345616922942991,6.783978860647277,-1.4057653379619686,0.09108283996785296,-0.17723040285654573,0.24680283925262078,-1.1958810314760149,3.1484984351670504,-1.16254830356979,1.8004542687858585
sub-0013,shortvideo,ds005256/sub-0013/ses-03/func/sub-0013_ses-03_task-shortvideo_acq-mb8_run-01_bold.nii.gz,0.46000000834465027,1616,63,235,62,227,7.066079295154185,1.4512869030968294,1.1277533039647578,0.5035060886917406,6.938325991189427,1.630918851549386,0.07488986784140969,0.2422907488986784,0.6181818181818182,2.018181818181818,3.102222222222222,1.6848611111111111,0.00881057268722467,3.0088105726872247,104.6800835460994,227.54996944253307,1.5321901715365316,6.956058393227716,-0.7613371324068331,1.156381484223609,1.463703746080929,6.7996769090041065,-1.1090932963751354,0.09925000995645847,-1.430326361029377,0.26369699616438524,-0.26556617167808366,3.1706548587765537,-0.39448451123976747,1.7419243826293391
sub-0014,shortvideo,ds005256/sub-0014/ses-03/func/sub-0014_ses-03_task-shortvideo_acq-mb8_run-01_bold.nii.gz,0.46000000834465027,1616,63,208,62,202,6.821782178217822,1.5414410754659225,1.1336633663366336,0.44269127810024034,6.688118811881188,1.715239688729714,0.09405940594059406,0.2623762376237624,0.7547169811320755,2.207547169811321,2.855721393034826,1.769278606965174,0.0049504950495049506,2.8217821782178216,105.9195347574406,226.68290459063235,-1.6844677913093744,6.919153111334571,-0.36051387611283675,1.1438559532327088,-1.2067825501597116,6.775297158101862,-0.09437663425376942,0.0957366556201091,-0.3191289857208682,0.26889625453016325,-0.8052842407071734,3.022121901043069,-0.7477814308043703,1.869949894698172
sub-0016,shortvideo,ds005256/sub-0016/ses-03/func/sub-0016_ses-03_task-shortvideo_acq-mb8_run-01_bold.nii.gz,0.46000000834465027,1616,63,213,62,203,6.940886699507389,1.6248238905242194,1.1428571428571428,0.49179980057665923,6.798029556650246,1.8221943194225858,0.09852216748768473,0.2315270935960591,0.7021276595744681,2.25531914893617,3.455,2.1090625,0.014778325123152709,2.8866995073891624,100.74020676227883,229.8237147098158,0.2075698322013406,6.920811687071757,0.048583106104990635,1.1406363559920154,0.14373949088602747,6.780175331079741,0.13761004677361105,0.09492097897963175,-1.0988718208518689,0.255349654625958,1.0151259268419779,3.196186776857865,1.062988948722949,1.9416615237359145
sub-0017,shortvideo,ds005256/sub-0017/ses-03/func/sub-0017_ses-03_task-shortvideo_acq-mb8_run-01_bold.nii.gz,0.46000000834465027,1616,63,183,62,172,6.872093023255814,1.4493112833254393,1.0988372093023255,0.3847971094609163,6.773255813953488,1.5860447268904476,0.0755813953488372,0.2441860465116279,0.6904761904761905,2.142857142857143,2.8757396449704142,2.0972633136094676,0.01744186046511628,2.9011627906976742,104.33922826417434,229.32086369734603,-0.5285496810454176,6.901821510733856,-1.5517314371538393,1.1419255609730932,0.18805251064930936,6.759895949760763,-1.3539038164218318,0.09483796586075334,-0.6230384431256978,0.254574728775201,-0.8517632015750106,3.0828591021362257,-0.5048762164576828,2.185594722873385
sub-0018,shortvideo,ds005256/sub-0018/ses-03/func/sub-0018_ses-03_task-shortvideo_acq-mb8_run-01_bold.nii.gz,0.46000000834465027,1616,63,229,62,220,6.818181818181818,1.3288634082022046,1.2,0.5621225268211703,6.618181818181818,1.5759715025459253,0.12727272727272726,0.2590909090909091,0.7543859649122807,2.087719298245614,3.146788990825688,1.7508600917431192,0.00909090909090909,2.7772727272727273,102.31383287572486,229.42399781649638,-1.838571083870439,6.941219655012452,0.7785902895166358,1.1743281173204236,-1.7659289255684942,6.766891537692029,0.8706804678875785,0.11068086409408405,-0.2812023431014978,0.26331219840395337,-0.012351778722906923,3.150356082754927,-0.17562976493700516,1.7794473905329804
sub-0019,shortvideo,ds005256/sub-0019/ses-03/func/sub-0019_ses-03_task-shortvideo_acq-mb8_run-01_bold.nii.gz,0.46000000834465027,1616,63,211,62,201,6.865671641791045,1.5286810235107227,1.1791044776119404,0.5174564658305574,6.686567164179104,1.762460966012132,0.12437810945273632,0.24378109452736318,0.673469387755102,2.2244897959183674,3.095,1.91125,0.004975124378109453,2.7860696517412937,101.65333546746483,226.25260401820017,-0.6983986990957146,6.919562644984628,0.8611155685137001,1.1466473807753144,-0.8624655191062155,6.772915264209316,1.5237302729056195,0.09359443394573148,-0.6488427259690643,0.25555212591080273,-0.3580724294001255,3.1893219073419017,-0.21596957454834623,1.9493484059687247
sub-0020,shortvideo,ds005256/sub-0020/ses-03/func/sub-0020_ses-03_task-shortvideo_acq-mb8_run-01_bold.nii.gz,0.46000000834465027,1616,63,194,62,186,6.849462365591398,1.5347945478080773,1.1290322580645162,0.3952640294889564,6.720430107526882,1.694924642495142,0.10752688172043011,0.27956989247311825,0.6730769230769231,2.0384615384615383,2.994565217391304,1.9568614130434783,0.010752688172043012,2.8870967741935485,100.59131689536133,227.00050956883197,-0.8793668482766595,6.911527434906068,-0.5676428446491073,1.149369770787631,-0.47011420542071675,6.762157664118438,0.3433218343913719,0.09972462029590681,1.5214288659198876,0.2603922368311505,-0.3122921949989624,3.068983693218498,-0.5365458168775599,2.044255890750084
sub-0021,shortvideo,ds005256/sub-0021/ses-03/func/sub-0021_ses-03_task-shortvideo_acq-mb8_run-01_bold.nii.gz,0.46000000834465027,1616,63,226,62,215,6.841860465116279,1.4766456933887429,1.186046511627907,0.6359852887812624,6.655813953488372,1.767476463587875,0.10232558139534884,0.26976744186046514,0.6551724137931034,2.0517241379310347,3.2347417840375585,1.8615023474178405,0.009302325581395349,2.841860465116279,103.91520662704485,227.9962225243614,-0.5684102648557041,6.879838312423659,0.7679454777095251,1.1624942747250464,-0.6910817382064111,6.71734403769861,-0.01978699369787218,0.10268164924009367,-0.5703494829016976,0.27977209120933516,0.3708098108707664,3.1275467063055364,0.4513729851370665,1.7853404227952245
sub-0024,shortvideo,ds005256/sub-0024/ses-03/func/sub-0024_ses-03_task-shortvideo_acq-mb8_run-01_bold.nii.gz,0.46000000834465027,1616,63,219,62,210,6.890476190476191,1.5193818819698175,1.1238095238095238,0.407941221379074,6.766666666666667,1.6767002606176642,0.09523809523809523,0.2714285714285714,0.6666666666666666,2.1052631578947367,3.0913461538461537,1.8371394230769231,0.009523809523809525,2.8476190476190477,100.60835639726137,229.74192079556468,-0.09655655071321224,6.896711629501598,-0.887835451327522,1.1502357262570537,0.26384088897310704,6.746475903244544,0.12004082514933322,0.09322436126798643,0.3493263213742431,0.26476562678094556,-0.20606199403257508,3.1594352521954217,-0.1418996866810268,1.8649997346508376
sub-0025,shortvideo,ds005256/sub-0025/ses-03/func/sub-0025_ses-03_task-shortvideo_acq-mb8_run-01_bold.nii.gz,0.46000000834465027,1616,63,225,62,221,6.95475113122172,1.5008293333296778,1.1131221719457014,0.427316923591833,6.841628959276018,1.647942261751497,0.08144796380090498,0.2850678733031674,0.5396825396825397,1.9365079365079365,3.182648401826484,1.7579908675799087,0.00904977375565611,2.923076923076923,107.83078507706205,226.49036849730894,0.4203641914060757,6.925910161434839,-0.7025471333877951,1.1371291807799409,0.5842220313467722,6.788780980654898,-0.45357541901677145,0.09067673890381277,2.1837259057931044,0.253157382285562,0.3257045271580619,3.102769101044079,0.008724695338306462,1.7567872236756525
sub-0026,shortvideo,ds005256/sub-0026/ses-03/func/sub-0026_ses-03_task-shortvideo_acq-mb8_run-01_bold.nii.gz,0.46000000834465027,1616,63,219,62,213,7.042253521126761,1.4119097837010184,1.1267605633802817,0.43207193227960555,6.915492957746479,1.58780564319547,0.09859154929577464,0.25821596244131456,0.6363636363636364,2.0545454545454547,2.966666666666667,1.7058035714285715,0.014084507042253521,2.976525821596244,101.11544319906045,227.9519528927099,0.9487046774333363,6.981800047089523,-1.2402975883962253,1.1720627384851325,1.3409922632803493,6.809737308604392,-0.2677631840516574,0.10343624276133118,-0.005662059805471087,0.25829658351256896,-0.5237692580701623,3.1021603432355445,-0.6144166848877085,1.802402390527462
sub-0029,shortvideo,ds005256/sub-0029/ses-03/func/sub-0029_ses-03_task-shortvideo_acq-mb8_run-01_bold.nii.gz,0.46000000834465027,1616,63,232,62,222,6.95045045045045,1.5551039233652069,1.1261261261261262,0.42791966762322503,6.824324324324325,1.7019401341203608,0.09009009009009009,0.2882882882882883,0.546875,1.875,3.0045662100456623,1.6809360730593608,0.013513513513513514,2.9414414414414414,103.248760252407,226.92250980707206,0.7320838442631291,6.911434446386071,-0.6115643429358394,1.1434306242412469,0.8445198855485819,6.768003822144824,-0.2733610952330667,0.09495395178761376,2.124242131938074,0.26138145733087126,-0.6244446408883783,3.177253444685222,-0.6198169545921759,1.7765989196107095
sub-0031,shortvideo,ds005256/sub-0031/ses-03/func/sub-0031_ses-03_task-shortvideo_acq-mb8_run-01_bold.nii.gz,0.46000000834465027,1640,63,241,62,229,6.899563318777292,1.528515442380598,1.148471615720524,0.5254570486123609,6.751091703056769,1.7024392034823639,0.09606986899563319,0.2925764192139738,0.582089552238806,1.8955223880597014,3.1008771929824563,1.652138157894737,0.004366812227074236,2.8995633187772927,93.60926510350058,228.0500461582594,-0.5543018354956782,6.935039380625971,-0.47330623093950525,1.1624142240846629,-0.2786229282692142,6.772625156541309,-0.658000406766905,0.10726702979680987,1.6107329042897023,0.2705735321219114,0.37882376672461254,2.9997782047356147,0.13392424948029463,1.6330297952187771
sub-0032,shortvideo,ds005256/sub-0032/ses-03/func/sub-0032_ses-03_task-shortvideo_acq-mb8_run-01_bold.nii.gz,0.46000000834465027,1640,63,230,62,217,6.921658986175115,1.502572181610244,1.1336405529953917,0.5231865680753927,6.788018433179723,1.6502649169012054,0.08755760368663594,0.2672811059907834,0.7241379310344828,2.1206896551724137,2.727699530516432,1.5793720657276995,0.018433179723502304,2.921658986175115,98.39344716138879,229.28110302181582,-0.355610720290794,6.952118242458946,-0.7424247335702858,1.16476558769049,0.006323172713570438,6.787352654768455,-0.822052662928396,0.1060697119001501,0.31592559422360034,0.260970660239348,-1.5277376666490623,3.08521321966628,-1.2331706459905691,1.7522463688141354
sub-0033,shortvideo,ds005256/sub-0033/ses-03/func/sub-0033_ses-03_task-shortvideo_acq-mb8_run-01_bold.nii.gz,0.46000000834465027,1640,63,211,62,201,6.746268656716418,1.5492896783567258,1.1592039800995024,0.5239535887691577,6.587064676616915,1.738859350492736,0.10945273631840796,0.26865671641791045,0.7222222222222222,2.185185185185185,2.5,1.5375631313131313,0.014925373134328358,2.6517412935323383,109.56891515609638,229.08350709453651,-2.7385841537791262,6.907440125269663,0.7934986401122778,1.1312455638805559,-2.6918840996474582,6.776194561389107,1.2219899258975455,0.0883909883484877,0.3926623198173201,0.26216271047772516,-2.687054999535267,3.1013041659006046,-2.8125052248938838,1.9220823696014122
sub-0034,shortvideo,ds005256/sub-0034/ses-03/func/sub-0034_ses-03_task-shortvideo_acq-mb8_run-01_bold.nii.gz,0.46000000834465027,1640,63,237,62,222,7.0,1.4458553653656236,1.1576576576576576,0.5010485926795551,6.842342342342342,1.6387308602994135,0.10810810810810811,0.23873873873873874,0.6415094339622641,2.0754716981132075,3.2181818181818183,1.7917613636363636,0.009009009009009009,2.963963963963964,95.35309206921475,229.50844747143896,1.382671515724595,6.911274846093225,-0.07315202397441677,1.160306849896318,1.017143043273625,6.750967996196908,0.13463024212076607,0.10512948463371403,-1.0898137639326986,0.2562472402146661,0.44652355262886173,3.1134552888751705,0.5343402434199485,1.7234497910152706
sub-0035,shortvideo,ds005256/sub-0035/ses-03/func/sub-0035_ses-03_task-shortvideo_acq-mb8_run-01_bold.nii.gz,0.46000000834465027,1640,63,199,62,185,7.0,1.4670289407654773,1.0918918918918918,0.38615888427083045,6.908108108108108,1.620919354399382,0.05945945945945946,0.25405405405405407,0.6808510638297872,2.234042553191489,3.3131868131868134,2.160885989010989,0.016216216216216217,3.0324324324324325,86.75856634889186,223.37029240783608,0.7340464292833736,6.931437388144404,-1.0436335772311753,1.13561690081915,0.9252222527897275,6.795820487325255,-1.1075770591231118,0.0852907403046422,-0.13267313152618368,0.2568747851199776,1.2570941281096937,2.9776505390694994,1.130318905021014,1.9427366405806246
sub-0036,shortvideo,ds005256/sub-0036/ses-03/func/sub-0036_ses-03_task-shortvideo_acq-mb8_run-01_bold.nii.gz,0.46000000834465027,1640,63,236,62,219,6.899543378995434,1.5822843119211643,1.1506849315068493,0.5334129218819268,6.748858447488584,1.7857581519115848,0.0958904109589041,0.2557077625570776,0.5714285714285714,1.9642857142857142,3.4768518518518516,1.9704861111111112,0.0136986301369863,2.8310502283105023,100.44715962639386,229.1677626348797,-0.2672301607960528,6.918307433109898,-0.40232616056618714,1.1647313187775281,-0.05140156526336887,6.753576114332369,-0.43830761607633295,0.10482445787339824,0.22383560620000373,0.25213506550684645,1.1947684518375505,3.1191252060424994,1.4208456908667964,1.734703083550122
sub-0037,shortvideo,ds005256/sub-0037/ses-03/func/sub-0037_ses-03_task-shortvideo_acq-mb8_run-01_bold.nii.gz,0.46000000834465027,1640,63,240,62,230,6.969565217391304,1.475841787064005,1.173913043478261,0.5724515511654631,6.7956521739130435,1.6968962833339678,0.1,0.28695652173913044,0.6515151515151515,1.9393939393939394,3.303964757709251,1.7725770925110131,0.013043478260869565,2.9217391304347826,102.58373059067257,228.65976295597784,0.5591829451867117,6.93597721132566,0.17919810584019996,1.1682776749077846,0.34860302764483775,6.767699536417876,-0.606557441032906,0.10976854698220505,1.4285624489480964,0.26877501266572357,0.6506568664185968,3.140231039786946,0.4930103899041234,1.7071302485182551
sub-0038,shortvideo,ds005256/sub-0038/ses-03/func/sub-0038_ses-03_task-shortvideo_acq-mb8_run-01_bold.nii.gz,0.46000000834465027,1640,63,228,62,215,6.855813953488372,1.6010076157800432,1.1627906976744187,0.48962280724145846,6.693023255813953,1.7900811014934295,0.11162790697674418,0.2651162790697674,0.7017543859649122,2.1578947368421053,3.0754716981132075,1.7747641509433962,0.013953488372093023,2.772093023255814,103.56321667204223,228.42102914532313,-1.052442486617675,6.937038928957218,0.7178139273567204,1.1371432444957958,-1.0729209715298997,6.79989568446142,1.1514940429352862,0.08935775826275434,0.9849270734460712,0.24669468725558913,-0.2764340890293028,3.143899575937037,-0.20049184424031422,1.8030273459704884
sub-0040,shortvideo,ds005256/sub-0040/ses-03/func/sub-0040_ses-03_task-shortvideo_acq-mb8_run-01_bold.nii.gz,0.46000000834465027,1640,63,219,62,210,6.942857142857143,1.4694891956869236,1.119047619047619,0.4589555936646011,6.8238095238095235,1.6051367190959787,0.07142857142857142,0.2714285714285714,0.5614035087719298,1.8245614035087718,3.1148325358851676,1.8047248803827751,0.004761904761904762,2.9285714285714284,101.71053816865935,227.11634016214077,0.39857909135246755,6.913247517848286,-1.1091330654415796,1.1646787039122435,0.7426813122859482,6.748568813936042,-1.4333712918945583,0.10143320504983573,1.3436341826329867,0.2513376439090505,0.12495158831475132,3.079399673994145,-0.2294048162487899,1.8439090759776469
sub-0041,shortvideo,ds005256/sub-0041/ses-03/func/sub-0041_ses-03_task-shortvideo_acq-mb8_run-01_bold.nii.gz,0.46000000834465027,1640,63,208,62,194,6.984536082474227,1.5916778520484829,1.1082474226804124,0.3721301524761519,6.876288659793815,1.7291031066855123,0.09278350515463918,0.25257731958762886,0.6326530612244898,2.163265306122449,3.1770833333333335,2.01953125,0.010309278350515464,2.9587628865979383,100.0042445873915,229.2800626706964,1.5299570303334022,6.890866414556249,-0.9872852132696349,1.141080300683889,1.6286412912733674,6.749786113872361,0.07081209751504523,0.0914832034086486,-0.43759550762141297,0.26184410685919995,0.427434263826141,3.076785053240047,0.4868738825729525,1.9487831188661378
sub-0043,shortvideo,ds005256/sub-0043/ses-03/func/sub-0043_ses-03_task-shortvideo_acq-mb8_run-01_bold.nii.gz,0.46000000834465027,1640,63,232,62,219,6.922374429223744,1.5380202413587976,1.187214611872146,0.5127914293947815,6.735159817351598,1.7695685336946316,0.1324200913242009,0.2602739726027397,0.6842105263157895,2.1228070175438596,3.0829493087557602,1.7466877880184333,0.0091324200913242,2.8401826484018264,103.38093721759671,229.20827211527558,-0.1852799117350575,6.935143719078037,0.9426864167316937,1.1538713921122188,-0.5281786493467778,6.781272326965818,1.5855206115805645,0.10077152688121184,0.32482146519804295,0.2561326682031888,-0.32879632897946826,3.145544344384819,-0.36028543876005303,1.7862842038688915
sub-0044,shortvideo,ds005256/sub-0044/ses-03/func/sub-0044_ses-03_task-shortvideo_acq-mb8_run-01_bold.nii.gz,0.46000000834465027,1640,63,206,62,194,6.845360824742268,1.5726958221231686,1.1030927835051547,0.3665985954783785,6.742268041237113,1.702046013609752,0.08247422680412371,0.25773195876288657,0.7,2.32,3.068062827225131,1.9361910994764397,0.015463917525773196,2.865979381443299,102.76644981092959,228.56686977906887,-1.0048857243118745,6.909609088927742,-0.8474596697201447,1.1392400714437687,-0.32110051840832904,6.770369017483973,-0.41153647305708674,0.0927969603928973,-0.07063927305347835,0.25904229255748534,-0.0838041135474076,3.088577281614861,-0.18864465122841795,1.9665993777270676
sub-0046,shortvideo,ds005256/sub-0046/ses-03/func/sub-0046_ses-03_task-shortvideo_acq-mb8_run-01_bold.nii.gz,0.46000000834465027,1640,63,181,62,170,6.976470588235294,1.6279836193310737,1.1294117647058823,0.42934476826705076,6.847058823529411,1.8429837035173589,0.1,0.27058823529411763,0.6086956521739131,2.152173913043478,3.136904761904762,2.3392857142857144,0.011764705882352941,2.9176470588235293,95.8656111289769,226.18915427156566,0.3499226492918652,6.934865198561462,-0.054244692147261735,1.1315559095974248,0.30581981270943376,6.803309288964039,0.6900126306883088,0.08373424998875952,0.8054540794120255,0.259869444032407,0.02936641520237917,3.1286702062213,0.41806699969321665,2.2508223616750143
sub-0050,shortvideo,ds005256/sub-0050/ses-03/func/sub-0050_ses-03_task-shortvideo_acq-mb8_run-01_bold.nii.gz,0.46000000834465027,1640,63,218,62,210,6.923809523809524,1.5167027830020883,1.1523809523809523,0.5318731435067741,6.771428571428571,1.712644463823957,0.09523809523809523,0.2571428571428571,0.6296296296296297,2.111111111111111,2.5410628019323673,1.502415458937198,0.014285714285714285,2.933333333333333,94.24493305472224,228.2764612937101,0.2107488403896429,6.9049258179813044,0.2151534295761452,1.1444231496021466,0.10068979361034079,6.760502668379159,0.23700075248947255,0.09092286347495686,0.03193053677350095,0.25670579239021163,-2.3024534779243377,3.1320272051577223,-2.5729509994121744,1.8901583364394852
sub-0051,shortvideo,ds005256/sub-0051/ses-03/func/sub-0051_ses-03_task-shortvideo_acq-mb8_run-01_bold.nii.gz,0.46000000834465027,1640,63,191,62,179,6.826815642458101,1.4410344382901499,1.106145251396648,0.3265691611064202,6.720670391061453,1.5324825998481961,0.1005586592178771,0.3016759776536313,0.6296296296296297,2.074074074074074,3.1977401129943503,2.18944209039548,0.0111731843575419,2.782122905027933,104.61899939175316,229.77352666986678,-1.369471209233209,6.926475866616309,-1.0829197235809152,1.1433579043898114,-0.7551061887139892,6.7831179622264965,0.45122062876159497,0.0925995439690046,3.262301334909608,0.256871199706009,0.5812315942384236,3.0394363842982743,0.49936999481173305,2.095436384903738
sub-0052,shortvideo,ds005256/sub-0052/ses-03/func/sub-0052_ses-03_task-shortvideo_acq-mb8_run-01_bold.nii.gz,0.46000000834465027,1640,63,232,62,216,6.916666666666667,1.5042575237220581,1.1388888888888888,0.4814384132331301,6.777777777777778,1.6751720957524323,0.09259259259259259,0.26851851851851855,0.5517241379310345,1.9482758620689655,3.353488372093023,1.9177325581395348,0.004629629629629629,2.8981481481481484,103.96111499610163,228.5637923410386,-0.32157276558978715,6.940109185023974,-0.6810120911064423,1.1650860852070852,0.031143779301009773,6.775023099816889,-0.5992708709145702,0.10565783631574632,-0.1735811169065948,0.2712682096035463,1.0906183552054525,3.0488542213201857,1.287234562767653,1.720006269675653
sub-0053,shortvideo,ds005256/sub-0053/ses-03/func/sub-0053_ses-03_task-shortvideo_acq-mb8_run-01_bold.nii.gz,0.46000000834465027,1640,63,231,62,218,6.944954128440367,1.4800352616631427,1.1376146788990826,0.4597713298241175,6.807339449541284,1.6347441024687557,0.0963302752293578,0.26605504587155965,0.6206896551724138,2.0517241379310347,3.2685185185185186,1.8408564814814814,0.009174311926605505,2.876146788990826,98.20923703025723,229.14892406671314,-0.5677903598151809,6.974980781363337,-0.75179119082134,1.154554507732312,-0.23343902044490208,6.820426273631025,-0.2002211139744661,0.09895487001207862,0.135705934261055,0.2637932779109273,0.6870339671122686,3.125957790670223,0.4606683673750225,1.7818113936545605
sub-0055,shortvideo,ds005256/sub-0055/ses-03/func/sub-0055_ses-03_task-shortvideo_acq-mb8_run-01_bold.nii.gz,0.46000000834465027,1640,63,235,62,224,7.035714285714286,1.423244392089999,1.1741071428571428,0.5448899235879432,6.861607142857143,1.6439995818856619,0.11607142857142858,0.24553571428571427,0.6363636363636364,2.090909090909091,3.3076923076923075,1.8252262443438914,0.013392857142857142,2.919642857142857,96.19609670540459,229.6480717007903,0.9977613830024539,6.967652979869715,0.579997850953459,1.1565781280576957,0.5999469227913928,6.811074851812022,0.9784173331125653,0.09749799391289914,0.35686731624648305,0.24139886838835659,0.48147136230792975,3.184841744018939,0.3414621041912012,1.7762580489571769
sub-0056,shortvideo,ds005256/sub-0056/ses-03/func/sub-0056_ses-03_task-shortvideo_acq-mb8_run-01_bold.nii.gz,0.46000000834465027,1640,63,216,62,208,6.9951923076923075,1.4429491946350814,1.1009615384615385,0.3985469240722813,6.894230769230769,1.5752817046178609,0.07211538461538461,0.24519230769230768,0.5490196078431373,1.8627450980392157,2.7135922330097086,1.5843446601941749,0.009615384615384616,2.9663461538461537,106.64108147221651,227.9146149403601,0.4861153679595465,6.959648925131892,-1.5848640161345184,1.1430823867633306,0.8453249811582658,6.8165665383685585,-1.096363880760036,0.09003347614993826,-0.5407867961659111,0.2539284622046226,-1.4804523050172904,3.1696166624171678,-1.7132283582199872,1.9110259051305596
sub-0057,shortvideo,ds005256/sub-0057/ses-03/func/sub-0057_ses-03_task-shortvideo_acq-mb8_run-01_bold.nii.gz,0.46000000834465027,1640,63,225,62,213,6.826291079812207,1.4643125277835427,1.15962441314554,0.6463714757662238,6.666666666666667,1.700906158788982,0.0892018779342723,0.26291079812206575,0.625,1.9642857142857142,2.9,1.6946428571428571,0.014084507042253521,2.7981220657276995,103.71895362450876,229.95942925624516,-1.9800293176130286,6.963626118519518,0.2319790157574751,1.1515401781913324,-1.5845425108775721,6.812085940328187,-0.4021415762735719,0.09746477843875895,0.22708393536724736,0.2600934844093727,-0.9648222367541849,3.1814144118739938,-0.9186599629415872,1.848152371545695
sub-0058,shortvideo,ds005256/sub-0058/ses-03/func/sub-0058_ses-03_task-shortvideo_acq-mb8_run-01_bold.nii.gz,0.46000000834465027,1640,63,195,62,183,6.737704918032787,1.5324508777340917,1.1584699453551912,0.42195497119731734,6.579234972677596,1.7424895239822176,0.1366120218579235,0.2786885245901639,0.7450980392156863,2.176470588235294,3.379120879120879,2.2819368131868134,0.00546448087431694,2.6939890710382515,99.75298301924201,229.6805277567765,-1.9861898476313906,6.942618161634071,0.5603414834258597,1.1406366087691888,-1.8861219579015565,6.801981552864882,2.2268743763157954,0.09172846850977487,1.1097891325793403,0.257219087896692,1.5639689705727695,2.9713514875428246,1.5972336662573197,1.9924906769027777
sub-0059,shortvideo,ds005256/sub-0059/ses-03/func/sub-0059_ses-03_task-shortvideo_acq-mb8_run-01_bold.nii.gz,0.46000000834465027,1640,63,215,62,204,6.926470588235294,1.3643906574459386,1.0980392156862746,0.42134674817588974,6.828431372549019,1.5004024058576837,0.06862745098039216,0.2549019607843137,0.5576923076923077,1.9038461538461537,3.417910447761194,2.0792910447761193,0.014705882352941176,2.9019607843137254,103.52694929862115,228.87312713543682,-0.06330095138855886,6.930903390685498,-1.0847006263560923,1.139311917982998,0.3946183315673271,6.791591472702501,-1.0056134778207033,0.09010179052117878,-0.5077530334763749,0.2647255612738595,1.2974338004255248,3.0695032295002234,1.2710311643091654,1.86172965228466
sub-0060,shortvideo,ds005256/sub-0060/ses-03/func/sub-0060_ses-03_task-shortvideo_acq-mb8_run-01_bold.nii.gz,0.46000000834465027,1640,63,218,62,209,6.832535885167464,1.5113970167416897,1.1626794258373205,0.5301890968974178,6.669856459330144,1.701554854127457,0.11483253588516747,0.28708133971291866,0.7166666666666667,2.1166666666666667,3.2427184466019416,1.922633495145631,0.014354066985645933,2.7416267942583734,102.00046775708637,229.83608974961808,-2.2369164625769575,6.963290644822781,0.14455865161833176,1.1572088690962874,-1.7578699542045897,6.806081775726493,0.7647688948426761,0.09973556764712513,1.0242910562175953,0.27050818757206957,0.3960600989401447,3.1435771729898514,0.1879011244393253,1.8931391740554349
sub-0061,shortvideo,ds005256/sub-0061/ses-03/func/sub-0061_ses-03_task-shortvideo_acq-mb8_run-01_bold.nii.gz,0.46000000834465027,1640,63,233,62,221,7.108597285067873,1.429230029768685,1.1040723981900453,0.4700403021484094,7.004524886877828,1.5968655022676057,0.058823529411764705,0.23529411764705882,0.6730769230769231,2.0384615384615383,3.1506849315068495,1.7508561643835616,0.00904977375565611,3.085972850678733,99.403595202274,221.91438004813332,2.5881424720136406,6.940016979734837,-1.6837976298178228,1.1520863080075057,2.744596251467038,6.7879306717273336,-2.154761640858992,0.09434881215425008,-1.3005524627273481,0.2585045544381793,-0.20955468562016158,3.200790172564925,-0.29335824152472395,1.7901597693686861
sub-0062,shortvideo,ds005256/sub-0062/ses-03/func/sub-0062_ses-03_task-shortvideo_acq-mb8_run-01_bold.nii.gz,0.46000000834465027,1640,63,202,62,192,6.932291666666667,1.5110756746734684,1.1354166666666667,0.4488447455241536,6.796875,1.6768802449849967,0.09895833333333333,0.2864583333333333,0.5818181818181818,1.9272727272727272,3.0894736842105264,1.9707236842105262,0.010416666666666666,2.9166666666666665,99.26136677200829,226.10052827297474,0.28966739093226623,6.915052751792332,-0.4830765424980083,1.1517520936233836,0.40387111058902775,6.76330065816895,-0.044976626182314836,0.09981271202926686,1.548962917885566,0.2598507717016768,-0.05667810050601282,3.1048869505646417,-0.25042727433596074,2.0152305155158023
sub-0064,shortvideo,ds005256/sub-0064/ses-03/func/sub-0064_ses-03_task-shortvideo_acq-mb8_run-01_bold.nii.gz,0.46000000834465027,1640,63,149,62,142,6.809859154929577,1.602007156780701,1.176056338028169,0.5748795220640778,6.633802816901408,1.7804249761208264,0.09154929577464789,0.2535211267605634,0.75,2.2777777777777777,2.9057971014492754,2.573369565217391,0.028169014084507043,2.73943661971831,108.15387125727023,228.2831310784886,-0.8164941468503623,6.89366393806909,1.9275204656144473,1.1253573633031888,-1.2149665260110183,6.7683065747659015,0.5824275782961928,0.08129626285229245,-0.28102130015238547,0.2598445162192566,-0.2896650982982799,2.9758758716170717,-0.15288771314556884,2.608794189846456
sub-0065,shortvideo,ds005256/sub-0065/ses-03/func/sub-0065_ses-03_task-shortvideo_acq-mb8_run-01_bold.nii.gz,0.46000000834465027,1640,63,254,62,237,6.890295358649789,1.4745692840319746,1.1645569620253164,0.48091666743963046,6.725738396624473,1.6171393918365917,0.11814345991561181,0.3037974683544304,0.6527777777777778,2.0,2.7574468085106383,1.4414893617021276,0.008438818565400843,2.810126582278481,94.77352388430246,229.68024918279198,-0.9407065511410382,6.949431975608579,-0.6669687130324895,1.187515926893584,-0.43693314960405827,6.761916048714995,-0.21295668483934624,0.12263301606476386,1.9318000787954945,0.27188351764154284,-1.5956138327525269,3.1674835181158882,-1.4153531816157463,1.6328303401932898
sub-0066,shortvideo,ds005256/sub-0066/ses-03/func/sub-0066_ses-03_task-shortvideo_acq-mb8_run-01_bold.nii.gz,0.46000000834465027,1640,63,215,62,205,6.897560975609756,1.480011891327104,1.1512195121951219,0.5614764985651112,6.746341463414634,1.6785990834118731,0.09268292682926829,0.25853658536585367,0.660377358490566,2.188679245283019,3.3415841584158414,2.005414603960396,0.014634146341463415,2.8390243902439023,97.64544217102835,229.34499054716264,-0.3856953084346713,6.92752199798414,0.4107546679643984,1.1354843174035443,-0.4808741342325462,6.792037680580595,0.12618870589651393,0.09004544094249381,0.23451786443879577,0.25495276602111966,1.0839709181773205,3.053751500172214,0.9001952051581232,1.857451820303363
sub-0069,shortvideo,ds005256/sub-0069/ses-03/func/sub-0069_ses-03_task-shortvideo_acq-mb8_run-01_bold.nii.gz,0.46000000834465027,1640,63,223,62,212,6.929245283018868,1.5081746904444047,1.1179245283018868,0.4671781112616007,6.811320754716981,1.6442529962223444,0.08018867924528301,0.2641509433962264,0.625,2.0,2.942857142857143,1.7029761904761904,0.009433962264150943,2.900943396226415,103.40710357861943,229.69680955718283,-0.06094473501795249,6.933457809234122,-0.7785825291418936,1.1492247890241238,0.279891810584316,6.784233020209997,-0.7769191847714321,0.09763198401653049,0.4823241406520867,0.25649704415086855,-1.0194022605226356,3.1554516291037924,-1.0510701521577008,1.8385074477062768
sub-0070,shortvideo,ds005256/sub-0070/ses-03/func/sub-0070_ses-03_task-shortvideo_acq-mb8_run-01_bold.nii.gz,0.46000000834465027,1640,63,224,62,212,7.023584905660377,1.343550639079555,1.0613207547169812,0.3094317539828248,6.962264150943396,1.4170560785987225,0.04245283018867924,0.2358490566037736,0.68,1.96,3.123222748815166,1.8139810426540284,0.0047169811320754715,3.099056603773585,97.87991289091971,229.21005298924578,1.3104686669300565,6.909058369155014,-2.562592552063581,1.1503435172658585,1.9866663305031924,6.758714851889155,-2.660071644551238,0.0962535120708511,-1.320558774109997,0.25844067036929574,0.06474682712795643,3.1093361567798303,0.027709089822120864,1.810175610139079
sub-0073,shortvideo,ds005256/sub-0073/ses-03/func/sub-0073_ses-03_task-shortvideo_acq-mb8_run-01_bold.nii.gz,0.46000000834465027,1640,63,209,62,199,6.889447236180905,1.4865862174115156,1.135678391959799,0.4342454469157946,6.7537688442211055,1.6589741770246202,0.10552763819095477,0.2814070351758794,0.6428571428571429,2.0357142857142856,3.081218274111675,1.9486040609137056,0.010050251256281407,2.778894472361809,102.91308816736705,229.63129246456404,-0.30022578813209855,6.9126099431633685,-0.15806237379387142,1.1420090120665385,-0.15583502763777682,6.770600931096828,0.46875070031913,0.09507643570029298,0.9954511730843599,0.2633472977365496,-0.15290666125235278,3.1275486011279923,-0.07099355585974378,1.961887410981329
sub-0074,shortvideo,ds005256/sub-0074/ses-03/func/sub-0074_ses-03_task-shortvideo_acq-mb8_run-01_bold.nii.gz,0.46000000834465027,1640,63,219,62,205,7.024390243902439,1.5353323214077317,1.1170731707317074,0.43830245121085765,6.907317073170732,1.7024190176677663,0.07804878048780488,0.24390243902439024,0.64,2.18,3.386138613861386,2.045173267326733,0.014634146341463415,2.995121951219512,93.79731773434203,229.88892144873373,2.0062172101126388,6.875057299424265,-0.6931478949457934,1.1433214450057594,1.8531835858786807,6.731735854418506,-0.7139940195919308,0.09463100296419286,-0.3882192500644351,0.251753966793417,0.9263851638053574,3.1237553438262653,1.061976438320421,1.865288190311489
sub-0075,shortvideo,ds005256/sub-0075/ses-03/func/sub-0075_ses-03_task-shortvideo_acq-mb8_run-01_bold.nii.gz,0.46000000834465027,1640,63,220,62,206,6.849514563106796,1.5050078218033687,1.087378640776699,0.34519124756461694,6.762135922330097,1.6459035033715097,0.06796116504854369,0.23786407766990292,0.6326530612244898,2.0408163265306123,3.0588235294117645,1.7798713235294117,0.009708737864077669,2.8980582524271843,101.58175543238123,229.75249814692276,-1.1415915716999978,6.948671558890398,-1.8305655548082735,1.1453256219728152,-0.4294499563982623,6.803345936917583,-1.4655065728560543,0.09389694125657731,-0.9627864055828799,0.25578523646205825,0.1620689967083513,3.0161945295626915,-0.0799382699929913,1.7928053554940957
sub-0076,shortvideo,ds005256/sub-0076/ses-03/func/sub-0076_ses-03_task-shortvideo_acq-mb8_run-01_bold.nii.gz,0.46000000834465027,1640,63,245,62,233,6.927038626609442,1.5111078042003976,1.1630901287553648,0.5077102719958201,6.763948497854077,1.7295818302933585,0.11158798283261803,0.24034334763948498,0.6607142857142857,2.125,3.034782608695652,1.6192934782608697,0.012875536480686695,2.8412017167381975,108.36936906648758,228.88405244522386,0.2941353979438096,6.906414878373848,0.3940978489286783,1.1510036600917164,0.09674095400459001,6.755411218282131,0.6859958049557446,0.10008547747624301,-0.80561890858517,0.2513480772368364,-0.424436679710286,3.1370370957484783,-0.4362919042926927,1.675071089878048
sub-0077,shortvideo,ds005256/sub-0077/ses-03/func/sub-0077_ses-03_task-shortvideo_acq-mb8_run-01_bold.nii.gz,0.46000000834465027,1640,63,219,62,206,6.912621359223301,1.492137416783705,1.1893203883495145,0.6757705804031313,6.723300970873787,1.7575317439312106,0.10679611650485436,0.27184466019417475,0.5714285714285714,1.9285714285714286,2.8613861386138613,1.7413366336633664,0.019417475728155338,2.8300970873786406,101.26310783529783,229.4597978624035,-0.13634456292680094,6.923671050623886,1.0177503394261669,1.1464131230052292,-0.5294003982767194,6.777257927618655,0.7276848057668506,0.09370358365189509,1.2306218534237354,0.25432567327138034,-1.1561918011686436,3.1471067819925924,-0.9313292059939786,1.88226114071088
sub-0078,shortvideo,ds005256/sub-0078/ses-03/func/sub-0078_ses-03_task-shortvideo_acq-mb8_run-01_bold.nii.gz,0.46000000834465027,1640,63,214,62,201,6.9950248756218905,1.4439442940702767,1.1194029850746268,0.46440461000193,6.875621890547263,1.5967005781668673,0.07462686567164178,0.24875621890547264,0.6,2.06,3.365,2.05125,0.004975124378109453,2.9751243781094527,103.98093815534129,224.6869979410489,0.9994382237352503,6.931416554662345,-0.3809261264632928,1.133592758994896,1.0089830822604497,6.797823795667449,-0.5839125530852736,0.08590323070959098,-1.0770720342056541,0.26296708614350645,0.9388042368350783,3.04674843307384,0.8587053841702411,1.8714770828713658
sub-0079,shortvideo,ds005256/sub-0079/ses-03/func/sub-0079_ses-03_task-shortvideo_acq-mb8_run-01_bold.nii.gz,0.46000000834465027,1640,63,213,62,202,6.920792079207921,1.4467886436654929,1.1534653465346534,0.5474616879638134,6.767326732673268,1.666265160248192,0.09405940594059406,0.2623762376237624,0.6792452830188679,2.0943396226415096,2.955,1.8215625,0.009900990099009901,2.891089108910891,104.84637335409657,227.70776667361744,0.049187899757424554,6.9163457056119455,0.3620612360568607,1.1413479406484703,-0.0690734337505282,6.774997764963475,0.011374686023305625,0.09382256340185963,0.37022135189121896,0.25755672708924215,-0.8092196316240958,3.152553002083688,-0.7830449456465889,1.9342026114711657
sub-0080,shortvideo,ds005256/sub-0080/ses-03/func/sub-0080_ses-03_task-shortvideo_acq-mb8_run-01_bold.nii.gz,0.46000000834465027,1640,63,218,62,206,6.956310679611651,1.5086850939687306,1.1310679611650485,0.4497216757091569,6.825242718446602,1.6523578686731977,0.09223300970873786,0.2766990291262136,0.7719298245614035,2.175438596491228,3.2549019607843137,1.9707414215686274,0.009708737864077669,2.907766990291262,98.21046351640122,226.66743607894847,0.325730525310617,6.9322036090772885,-0.3472508627265744,1.1449930789167124,0.4304356759535442,6.787210530160577,0.05306136697909902,0.09126314123696824,0.9622917686831258,0.26172438786991475,0.5642540613881933,3.1050421205200367,0.6953786978884471,1.8571752581627143
sub-0082,shortvideo,ds005256/sub-0082/ses-03/func/sub-0082_ses-03_task-shortvideo_acq-mb8_run-01_bold.nii.gz,0.46000000834465027,1640,63,190,62,181,7.027624309392265,1.4735857220720683,1.1546961325966851,0.5146115486855262,6.87292817679558,1.6866754743944905,0.09392265193370165,0.26519337016574585,0.6458333333333334,2.0833333333333335,3.1340782122905027,2.155377094972067,0.011049723756906077,2.889502762430939,92.73385541318136,223.20097893858565,1.8317994648893527,6.894104732249772,0.4209656172963904,1.1410199729595507,1.402691413360911,6.753084759290222,0.06976089500645394,0.09260823228627772,0.08250120103930812,0.2639605938593441,0.4468232866477691,2.9983893310425316,0.48073417490952813,2.050465750917556
sub-0083,shortvideo,ds005256/sub-0083/ses-03/func/sub-0083_ses-03_task-shortvideo_acq-mb8_run-01_bold.nii.gz,0.46000000834465027,1640,63,228,62,213,7.131455399061033,1.4862883503887707,1.1408450704225352,0.5036407444483708,6.990610328638498,1.6597073233937296,0.08450704225352113,0.2300469483568075,0.7346938775510204,2.122448979591837,3.108490566037736,1.8060141509433962,0.004694835680751174,3.028169014084507,95.79961064765956,228.278480279414,2.5707879761017067,6.9488330998575885,-0.4360722110750708,1.1528621038523617,2.3160298844082523,6.795970996005227,-1.2653613366996552,0.1025822991089572,-1.796594373908186,0.2617858088838444,0.29634258254956775,3.040654331846739,0.44394222347855605,1.7458049414548347
sub-0084,shortvideo,ds005256/sub-0084/ses-03/func/sub-0084_ses-03_task-shortvideo_acq-mb8_run-01_bold.nii.gz,0.46000000834465027,1640,63,192,62,182,6.956043956043956,1.7170711792238784,1.1428571428571428,0.4946437653677705,6.813186813186813,1.9177109277670292,0.1043956043956044,0.2857142857142857,0.75,2.1923076923076925,2.9060773480662982,1.9554558011049723,0.005494505494505495,2.879120879120879,95.55072747098573,229.33268472004877,0.41518906624425905,6.917275939510289,0.30402720683675916,1.1322740125402455,0.2559653852274759,6.785001926970044,0.9489578782126451,0.08704021779521899,1.6843141889474498,0.25624916526707875,-0.37064797511906744,3.0190500861509406,-0.5001142877717282,2.056336278137636
sub-0086,shortvideo,ds005256/sub-0086/ses-03/func/sub-0086_ses-03_task-shortvideo_acq-mb8_run-01_bold.nii.gz,0.46000000834465027,1640,63,191,62,183,6.983606557377049,1.5280361951155275,1.0765027322404372,0.33910808796335745,6.907103825136612,1.6230157200787214,0.0546448087431694,0.273224043715847,0.68,2.14,3.1767955801104972,2.1384668508287294,0.01092896174863388,2.918032786885246,102.37679593870217,229.7002415028237,0.7397010773804857,6.930847218295757,-2.012313913178308,1.1459910228915253,1.3633787525564216,6.78485619540423,-1.9535819951780544,0.09315429371549591,0.8833393071077771,0.2567873941347396,0.312355888360782,3.079334879850948,0.1692117113627131,2.101485011078557
sub-0087,shortvideo,ds005256/sub-0087/ses-03/func/sub-0087_ses-03_task-shortvideo_acq-mb8_run-01_bold.nii.gz,0.46000000834465027,1640,63,212,62,204,7.004901960784314,1.4772413012985206,1.1715686274509804,0.6840732036678764,6.833333333333333,1.7139435892869401,0.08823529411764706,0.25,0.6666666666666666,2.1176470588235294,3.381188118811881,2.0383663366336635,0.00980392156862745,2.9215686274509802,100.81223808719237,229.71876652682332,1.070615211116501,6.936323395962479,0.5928168809822469,1.1485347203794671,0.5369412219296456,6.787788675583012,-0.3817308927481695,0.09565707925980993,-0.3984320616415841,0.2571503826492792,1.2207443768254502,3.140985292519846,0.7953369167594951,1.941148534961532
sub-0088,shortvideo,ds005256/sub-0088/ses-03/func/sub-0088_ses-03_task-shortvideo_acq-mb8_run-01_bold.nii.gz,0.46000000834465027,1640,63,234,62,223,7.004484304932736,1.4030139945477023,1.1704035874439462,0.5985141650394233,6.834080717488789,1.63418021786042,0.09417040358744394,0.23318385650224216,0.5961538461538461,1.9615384615384615,3.1363636363636362,1.7085227272727272,0.013452914798206279,2.9417040358744395,99.68733590721338,229.611736342626,1.5715179606968894,6.918450147592319,0.13214979644599478,1.163846653784103,0.9165721680307107,6.754603493808216,-0.4235714911387471,0.10512539381180343,-1.9378102004481776,0.25831976423697106,0.17143133775552347,3.0948265766163905,-0.2511388107798112,1.7451791779389823
sub-0089,shortvideo,ds005256/sub-0089/ses-03/func/sub-0089_ses-03_task-shortvideo_acq-mb8_run-01_bold.nii.gz,0.46000000834465027,1640,63,231,62,218,6.935779816513762,1.4289645592751703,1.2110091743119267,0.6998801015870303,6.724770642201835,1.7538453322504606,0.11467889908256881,0.26605504587155965,0.6551724137931034,1.9482758620689655,3.4558139534883723,1.9700581395348837,0.013761467889908258,2.834862385321101,102.30537042076615,227.80402563546772,0.26015446352770677,6.921577782837796,1.6869930671520605,1.1551413507197377,-0.5961281637713092,6.766436432118059,0.5798661164261238,0.10333860240303026,0.18019865717574401,0.2631692753710647,1.431312772164194,3.0844792054020824,1.4974731557987346,1.7482287141240767
sub-0090,shortvideo,ds005256/sub-0090/ses-03/func/sub-0090_ses-03_task-shortvideo_acq-mb8_run-01_bold.nii.gz,0.46000000834465027,1640,63,237,62,223,6.9058295964125564,1.4658614008518998,1.1524663677130045,0.4493044850212053,6.753363228699552,1.6568652937715982,0.1210762331838565,0.2556053811659193,0.7017543859649122,2.087719298245614,3.0495495495495497,1.6987612612612613,0.004484304932735426,2.8430493273542603,98.15074571621706,226.3621078993907,-0.645654582108559,6.952718090030497,-0.13834868831056993,1.1576644283671482,-0.48600146742820594,6.795053661663348,0.9204505424992672,0.10074824024377502,-0.6052086428007036,0.2622075082987926,-0.38010000861596654,3.158863950124858,-0.2557956584114159,1.7397513457734843
sub-0091,shortvideo,ds005256/sub-0091/ses-03/func/sub-0091_ses-03_task-shortvideo_acq-mb8_run-01_bold.nii.gz,0.46000000834465027,1640,63,159,62,149,6.926174496644295,1.632002416745791,1.080536912751678,0.427386440164344,6.845637583892618,1.7348760848917304,0.04697986577181208,0.2684563758389262,0.725,2.375,3.2905405405405403,2.7466216216216215,0.006711409395973154,2.953020134228188,99.74842452750991,227.13217581945236,0.5588387074945136,6.884798556979681,-0.8142500845231392,1.112378203534214,0.8071669144994401,6.772420353445468,-1.335696622690537,0.07605637650432936,0.3968838791187046,0.26259403030483786,0.9055723677932641,3.0099809050899817,1.0365209446306085,2.4851415658270017
sub-0092,shortvideo,ds005256/sub-0092/ses-03/func/sub-0092_ses-03_task-shortvideo_acq-mb8_run-01_bold.nii.gz,0.46000000834465027,1640,63,220,62,209,6.84688995215311,1.4953461113196969,1.1531100478468899,0.5594488980791873,6.69377990430622,1.6704471906377667,0.09569377990430622,0.27751196172248804,0.6206896551724138,1.9827586206896552,3.4154589371980677,2.0392512077294684,0.009569377990430622,2.813397129186603,98.79795292185439,228.69614788865184,-1.0155290160371557,6.915155510497475,-0.0077670639246065366,1.1534176246325378,-0.7800428651073416,6.76173788586494,-0.07400884374976285,0.09726688754105159,0.752982345514452,0.2637576597840944,1.6610947608038076,3.077398042126603,1.63508075146406,1.8395688755807693
sub-0093,shortvideo,ds005256/sub-0093/ses-03/func/sub-0093_ses-03_task-shortvideo_acq-mb8_run-01_bold.nii.gz,0.46000000834465027,1640,63,231,62,218,7.027522935779817,1.4683054943768168,1.1238532110091743,0.4274884497469625,6.9036697247706424,1.6135615702869341,0.09174311926605505,0.25229357798165136,0.7272727272727273,2.0727272727272728,3.0185185185185186,1.673900462962963,0.009174311926605505,2.977064220183486,106.10740995259393,228.96197187044723,1.3532905460296487,6.916011538503783,-1.0553610209991497,1.156162888019125,1.4496533123372763,6.759848650484658,-0.5718553789306651,0.10243042902308996,-0.7318915920024976,0.2662690029769926,-0.3424033448156794,3.0801337038476957,-0.7504060269703032,1.7488289059976398
sub-0094,shortvideo,ds005256/sub-0094/ses-03/func/sub-0094_ses-03_task-shortvideo_acq-mb8_run-01_bold.nii.gz,0.46000000834465027,1640,63,219,62,204,6.911764705882353,1.4895560298420563,1.1519607843137254,0.4977249506839816,6.759803921568627,1.6862679113216317,0.10294117647058823,0.23529411764705882,0.6458333333333334,2.2291666666666665,3.0295566502463056,1.8275862068965518,0.004901960784313725,2.872549019607843,104.35927373941986,227.14220877641372,0.02617376745530069,6.909995064553587,0.2385564975536352,1.1450122809224763,-0.06485045047689357,6.764982783631108,0.47158128102343144,0.095052910177404,-1.0100407056368559,0.24810857839474967,-0.40909831425859183,3.14829528660073,-0.33237097950243466,1.8846489663248696
sub-0095,shortvideo,ds005256/sub-0095/ses-03/func/sub-0095_ses-03_task-shortvideo_acq-mb8_run-01_bold.nii.gz,0.46000000834465027,1640,63,233,62,219,7.004566210045662,1.444692014716324,1.2054794520547945,0.6627487404171123,6.799086757990867,1.730937881945542,0.1232876712328767,0.2465753424657534,0.6296296296296297,2.0,3.2995391705069124,1.8649193548387097,0.0091324200913242,2.922374429223744,92.15020669873728,229.96236870300768,0.7161402335932034,6.954083168832844,1.6008347978211195,1.1595985597495568,0.056468101636515874,6.794484609083287,1.0464993307592079,0.10513112135792962,-0.9692689543264726,0.2609357686398724,0.8023755201873386,3.126839620477741,0.8894344470428294,1.7554093541039355
sub-0098,shortvideo,ds005256/sub-0098/ses-03/func/sub-0098_ses-03_task-shortvideo_acq-mb8_run-01_bold.nii.gz,0.46000000834465027,1640,63,224,62,208,6.947115384615385,1.4946252648320408,1.1634615384615385,0.6076894853384074,6.783653846153846,1.7156067124128294,0.10576923076923077,0.2548076923076923,0.660377358490566,2.0943396226415096,2.621359223300971,1.5552184466019416,0.009615384615384616,2.9038461538461537,104.72653422447635,229.90914215029767,0.21828572810742647,6.929736485537729,-0.031573245128577995,1.1644571250255877,0.1987804383531141,6.7652793605121415,0.028023456208374275,0.10519924916287152,-0.516086070862879,0.2638814472699258,-2.0588136125955074,3.1088527750689368,-1.8484620038940789,1.8305917148848005
sub-0099,shortvideo,ds005256/sub-0099/ses-03/func/sub-0099_ses-03_task-shortvideo_acq-mb8_run-01_bold.nii.gz,0.46000000834465027,1640,63,207,62,189,6.804232804232805,1.5259399157125968,1.1164021164021165,0.3957161125069646,6.6878306878306875,1.689425828722698,0.08994708994708994,0.26455026455026454,0.68,2.2,3.10752688172043,2.0719086021505375,0.015873015873015872,2.7883597883597884,111.38250058272237,229.72578193706684,-1.6655574124893284,6.93160543840069,-0.40750051681408694,1.1339225133429636,-1.073184165537066,6.797682925057727,0.19498786369372764,0.08529002998877225,-0.022720322562430326,0.26498336501964775,0.45988999794823515,2.9914526693684165,1.0939139040391508,1.8998204105022833
sub-0100,shortvideo,ds005256/sub-0100/ses-03/func/sub-0100_ses-03_task-shortvideo_acq-mb8_run-01_bold.nii.gz,0.46000000834465027,1640,63,235,62,225,7.0,1.3855117672336303,1.16,0.5519446141986143,6.84,1.584297951775486,0.09333333333333334,0.23555555555555555,0.6415094339622641,2.056603773584906,3.46875,1.8970424107142858,0.0044444444444444444,2.92,102.3692237043998,226.18309570064113,0.8063445637160618,6.942069759171961,0.17249669241706345,1.1534574103452404,0.5493551532701971,6.788612348826721,-0.1918108058231161,0.09777648451236155,-1.35521501961355,0.2593475774668469,1.2800618187515025,3.1285389108756743,1.0238013213452695,1.7443838852060138
sub-0101,shortvideo,ds005256/sub-0101/ses-03/func/sub-0101_ses-03_task-shortvideo_acq-mb8_run-01_bold.nii.gz,0.46000000834465027,1640,63,224,62,214,6.911214953271028,1.4906800982961101,1.1308411214953271,0.5142862714532725,6.780373831775701,1.6567936255942264,0.08411214953271028,0.2383177570093458,0.7450980392156863,2.0980392156862746,2.9056603773584904,1.6706957547169812,0.009345794392523364,2.8598130841121496,98.80824583156686,228.88113984977224,-0.3713412610081315,6.932793854593422,-0.4775545219597356,1.1489381881103453,-0.0462265106536919,6.783855666483076,-0.6330054070399582,0.0977101714363756,-1.557432044459694,0.26523039914316265,-0.7856274601324565,3.1402996393618716,-0.967550290457904,1.838381496572148
sub-0102,shortvideo,ds005256/sub-0102/ses-03/func/sub-0102_ses-03_task-shortvideo_acq-mb8_run-01_bold.nii.gz,0.46000000834465027,1640,63,218,62,203,6.901477832512315,1.585874460731126,1.1280788177339902,0.4596056787025428,6.773399014778325,1.7343020890371519,0.09359605911330049,0.2413793103448276,0.6530612244897959,2.204081632653061,2.582089552238806,1.5805348258706469,0.009852216748768473,2.8916256157635467,98.46965627208073,229.57226041967758,-0.310649594680349,6.919572734836818,-0.3326158978116318,1.1391526439561057,-0.09111777714532854,6.78042009088071,0.040165945117868064,0.09276151886557221,-1.232592299187153,0.26302307355572463,-2.318443462699295,3.1749910834577566,-2.239820547313234,1.9077932619569877
sub-0103,shortvideo,ds005256/sub-0103/ses-03/func/sub-0103_ses-03_task-shortvideo_acq-mb8_run-01_bold.nii.gz,0.46000000834465027,1640,63,231,62,220,6.9,1.5046351520017303,1.1727272727272726,0.5549131473296394,6.7272727272727275,1.7063357140714763,0.10454545454545454,0.2818181818181818,0.5483870967741935,1.935483870967742,3.315068493150685,1.8638698630136987,0.004545454545454545,2.827272727272727,103.1136095148543,228.15583760448936,-0.31221857543214776,6.922724943910548,0.12435787252626633,1.1678499963506148,-0.27749998427886224,6.754874947559933,0.11494577539218018,0.10233784844800507,1.6066663645156272,0.26003703846439913,0.44547989651334174,3.204566816498575,0.29854513677449845,1.8193836257188076
sub-0104,shortvideo,ds005256/sub-0104/ses-03/func/sub-0104_ses-03_task-shortvideo_acq-mb8_run-01_bold.nii.gz,0.46000000834465027,1640,63,239,62,225,6.906666666666666,1.4439529078193651,1.1733333333333333,0.5519446141986142,6.733333333333333,1.679710859472121,0.11555555555555555,0.26666666666666666,0.6833333333333333,1.9333333333333333,3.2387387387387387,1.787162162162162,0.013333333333333334,2.8533333333333335,101.91619705146984,229.41782009139146,-0.5269842235884341,6.946123208484576,0.20454448123910648,1.1663700747540073,-0.4919671883653352,6.779753133730568,0.4867741018468914,0.10737761351945968,-0.31866583530586895,0.27220527865733213,0.45074760456687873,3.1341057508342027,0.46663799311326404,1.7265663287813804
sub-0105,shortvideo,ds005256/sub-0105/ses-03/func/sub-0105_ses-03_task-shortvideo_acq-mb8_run-01_bold.nii.gz,0.46000000834465027,1640,63,172,62,165,7.151515151515151,1.4081905904735694,1.121212121212121,0.5154666224660629,7.03030303030303,1.6320877039749948,0.07878787878787878,0.2727272727272727,0.6444444444444445,1.9777777777777779,3.158536585365854,2.341844512195122,0.006060606060606061,3.0303030303030303,100.1321015874154,228.81300964291358,2.723575010076207,6.909963465086567,0.24195801612912568,1.113617812378783,2.3472022918853903,6.796345652707784,0.0982464926696304,0.07722230836920851,0.33583680498148055,0.2674116757293315,0.82225903855081,2.916570804224667,0.6181528498621752,2.2113624008540502
sub-0106,shortvideo,ds005256/sub-0106/ses-03/func/sub-0106_ses-03_task-shortvideo_acq-mb8_run-01_bold.nii.gz,0.46000000834465027,1640,63,211,62,200,7.05,1.4168760314304887,1.155,0.5679682558897922,6.895,1.6362645901703143,0.1,0.27,0.5555555555555556,1.9074074074074074,3.239795918367347,2.0137117346938775,0.02,2.965,86.28879530662638,229.8985717491212,1.5035699330359362,6.93871223766307,0.507813696696999,1.1366470103259336,1.0619909571678767,6.8020652273371365,0.2523805702746531,0.09420676783934276,0.429059844473815,0.26355884239981614,0.33675866758277473,3.160160574513338,0.3574276115197917,1.9638918579639422
sub-0107,shortvideo,ds005256/sub-0107/ses-03/func/sub-0107_ses-03_task-shortvideo_acq-mb8_run-01_bold.nii.gz,0.46000000834465027,1640,63,224,62,212,6.721698113207547,1.4742339784187535,1.1179245283018868,0.40172546561957534,6.60377358490566,1.6214161809682208,0.08962264150943396,0.25471698113207547,0.6111111111111112,2.111111111111111,2.7416267942583734,1.5885167464114833,0.014150943396226415,2.759433962264151,103.14440423547055,224.91112329718962,-3.4373885237390467,6.929792488587842,-0.8627578196429803,1.1421958268010879,-2.708526440165623,6.787596661786754,-0.1700499652297216,0.09245784214501437,-0.08098401703395149,0.25616957193513895,-2.431526184215462,3.2760779310348616,-2.3981209563289987,1.924647415511468
sub-0109,shortvideo,ds005256/sub-0109/ses-03/func/sub-0109_ses-03_task-shortvideo_acq-mb8_run-01_bold.nii.gz,0.46000000834465027,1640,63,230,62,220,6.959090909090909,1.490658611728598,1.1863636363636363,0.6803138240020328,6.7727272727272725,1.7525407044385555,0.10909090909090909,0.2545454545454545,0.6785714285714286,2.0892857142857144,3.5458715596330275,1.9840883027522935,0.00909090909090909,2.909090909090909,99.43841120219113,229.07459836525845,0.4108773611546505,6.930512180542408,1.5956840019805805,1.1440959419108743,-0.16729380269939956,6.7864162386315305,1.0185741701770719,0.09130824835567836,-0.5198052546330532,0.26328112940464615,1.7816297389396905,3.1105473772864616,1.4639887835142262,1.7772820777997866
sub-0111,shortvideo,ds005256/sub-0111/ses-03/func/sub-0111_ses-03_task-shortvideo_acq-mb8_run-01_bold.nii.gz,0.46000000834465027,1640,63,191,62,181,6.850828729281768,1.572281385069705,1.1988950276243093,0.6618147567506453,6.651933701657459,1.83040952188365,0.11602209944751381,0.27071823204419887,0.6326530612244898,2.183673469387755,3.4134078212290504,2.337639664804469,0.011049723756906077,2.7845303867403315,103.41536017897998,228.85109756544625,-0.6837920716026096,6.908747213498139,1.691870078870536,1.1335984379192292,-1.1777438168472496,6.775148775578909,0.9856465937614375,0.09142765110524424,0.4871546702751828,0.26242294476402483,1.7186247920344824,3.028733222030214,1.7724556386879013,2.0711928372043062
sub-0112,shortvideo,ds005256/sub-0112/ses-03/func/sub-0112_ses-03_task-shortvideo_acq-mb8_run-01_bold.nii.gz,0.46000000834465027,1640,63,191,62,180,6.833333333333333,1.558899482893417,1.1111111111111112,0.4078679938834533,6.722222222222222,1.7013158087397118,0.08333333333333333,0.26666666666666666,0.6666666666666666,2.0625,2.8125,1.9186789772727273,0.022222222222222223,2.8333333333333335,99.20600750884252,221.14245800207746,-1.2114297829063307,6.927176954729085,-0.5454830848499681,1.128005254857425,-0.8450897686287622,6.799171699871661,-0.18695003903009705,0.08635399862999044,1.0953423252321994,0.24966771135131857,-0.86480725996956,2.9961251557377375,-0.8780861673443171,2.049196716159714
sub-0115,shortvideo,ds005256/sub-0115/ses-03/func/sub-0115_ses-03_task-shortvideo_acq-mb8_run-01_bold.nii.gz,0.46000000834465027,1640,63,197,62,187,7.016042780748663,1.5742413630468837,1.1283422459893049,0.4690403500551682,6.887700534759358,1.7759469853530703,0.0855614973262032,0.28342245989304815,0.6226415094339622,2.018867924528302,3.1559139784946235,2.102318548387097,0.0053475935828877,2.9411764705882355,93.64724641166069,222.41046520061698,0.8174204355047242,6.94997106103115,-0.2707633128417058,1.1372603346474512,0.7812092731773448,6.812710726383697,-0.18792706777905985,0.08878554192125487,2.3576778208018836,0.24948782814280976,0.15214958351179908,3.111035900332769,0.3733766936318072,2.0272169777736395
sub-0116,shortvideo,ds005256/sub-0116/ses-03/func/sub-0116_ses-03_task-shortvideo_acq-mb8_run-01_bold.nii.gz,0.46000000834465027,1640,63,226,62,212,6.90566037735849,1.479902019856454,1.1603773584905661,0.4990377936438607,6.745283018867925,1.669698277109464,0.11320754716981132,0.25,0.7358490566037735,2.188679245283019,3.085714285714286,1.7940476190476191,0.009433962264150943,2.8820754716981134,99.35663371516455,224.84194098600847,-0.24179890640565962,6.923118895288431,0.31842449566567116,1.1502457041203955,-0.30402975326742004,6.7728731911680375,0.6188869143667998,0.10005154463279857,-0.44030458614583473,0.25716065868346333,-0.33949144776493967,3.1612182132227415,-0.32745978945610615,1.8401864097683733
sub-0122,shortvideo,ds005256/sub-0122/ses-03/func/sub-0122_ses-03_task-shortvideo_acq-mb8_run-01_bold.nii.gz,0.46000000834465027,1640,63,235,62,222,6.833333333333333,1.549826049695167,1.117117117117117,0.44086994909312066,6.716216216216216,1.7085380769180505,0.08108108108108109,0.26576576576576577,0.5932203389830508,2.016949152542373,3.209090909090909,1.8017045454545455,0.009009009009009009,2.824324324324324,100.38757817271173,226.61498446655926,-1.5453461497119387,6.938590611141736,-1.0066308807920745,1.1510282374279603,-0.8029221850592074,6.787562373713777,-0.9478035584392555,0.10065428104185924,0.22973959853376819,0.26237383207298837,0.7064813901669332,3.0829041941695348,0.7744739817934878,1.7269236357712667
sub-0124,shortvideo,ds005256/sub-0124/ses-03/func/sub-0124_ses-03_task-shortvideo_acq-mb8_run-01_bold.nii.gz,0.46000000834465027,1640,63,230,62,218,6.972477064220183,1.5537005956574066,1.165137614678899,0.4897805672098515,6.807339449541284,1.7882208763674003,0.11467889908256881,0.2889908256880734,0.5714285714285714,1.9047619047619047,3.199074074074074,1.8289930555555556,0.009174311926605505,2.8623853211009176,100.60695661389265,229.60750576932284,0.7750573426119223,6.921549223352397,-0.0612604323908404,1.167245523311386,0.6159883227315806,6.75430370004101,0.5554339018693151,0.10444502717440639,2.0181873719986463,0.25498372835374034,0.26970557681081603,3.113951771011946,0.2758512389929932,1.7775594864523598
sub-0126,shortvideo,ds005256/sub-0126/ses-03/func/sub-0126_ses-03_task-shortvideo_acq-mb8_run-01_bold.nii.gz,0.46000000834465027,1640,63,238,62,229,6.991266375545852,1.407970003093124,1.1746724890829694,0.5000574547545705,6.816593886462882,1.630704485624586,0.12663755458515283,0.2838427947598253,0.6923076923076923,1.9846153846153847,3.3230088495575223,1.790929203539823,0.013100436681222707,2.8951965065502185,104.25026162153502,229.58864370477332,1.2504391882001813,6.9087727361249405,1.004185789571629,1.1438512867297845,0.642149131401076,6.764921449395155,1.8463546241745532,0.09204094722243836,2.5794427675113143,0.25519352161832976,0.8425191358301508,3.1186939811830374,0.528160996200888,1.716355809325308
sub-0127,shortvideo,ds005256/sub-0127/ses-03/func/sub-0127_ses-03_task-shortvideo_acq-mb8_run-01_bold.nii.gz,0.46000000834465027,1640,63,138,62,134,6.858208955223881,1.371859969369432,1.126865671641791,0.4492540482459061,6.731343283582089,1.5373259622972113,0.08955223880597014,0.26865671641791045,0.75,2.361111111111111,2.7251908396946565,2.4790076335877864,0.022388059701492536,2.873134328358209,95.26854109129027,229.90001642746438,-0.2548741336111702,6.8919210741751975,0.5067411764372954,1.1085807984239822,-0.3495686069671755,6.7833402757512165,0.6573240457670434,0.07546443208449022,0.3664216257909773,0.2634338633859246,-0.2638589788296625,2.809146126518685,-0.640243906726465,2.672313603018085
sub-0128,shortvideo,ds005256/sub-0128/ses-03/func/sub-0128_ses-03_task-shortvideo_acq-mb8_run-01_bold.nii.gz,0.46000000834465027,1640,63,222,62,211,6.876777251184834,1.487721505765821,1.2274881516587677,0.6585719352557984,6.649289099526066,1.7647978345906514,0.14218009478672985,0.2796208530805687,0.6610169491525424,2.1186440677966103,3.076923076923077,1.7953725961538463,0.014218009478672985,2.758293838862559,94.39976433230817,229.77352464508294,-0.7845391296070081,6.92697426773861,2.3884096964332135,1.1514611296155204,-1.9047796308554876,6.775513138123089,2.278694413776764,0.10205535223770346,0.7761805861466101,0.2651071812768292,-0.11161711308667756,3.1008811554221447,-0.3313624477416164,1.8399281675412877
sub-0129,shortvideo,ds005256/sub-0129/ses-03/func/sub-0129_ses-03_task-shortvideo_acq-mb8_run-01_bold.nii.gz,0.46000000834465027,1640,63,206,62,194,6.865979381443299,1.4619801036289344,1.231958762886598,0.669706670264994,6.634020618556701,1.7880076385840327,0.13917525773195877,0.24742268041237114,0.6666666666666666,2.2083333333333335,3.2460732984293195,2.080170157068063,0.015463917525773196,2.783505154639175,103.37445573390269,229.10047419307486,-0.8123603795175097,6.939769981981666,2.683288889111696,1.1391153410595032,-1.6051280779017119,6.800654640922163,2.2536557569658555,0.09206237396173102,-0.6571023122599504,0.2610428989019764,0.5005537784823442,3.1273348083403083,0.665893011953661,1.9747437407808774
sub-0130,shortvideo,ds005256/sub-0130/ses-03/func/sub-0130_ses-03_task-shortvideo_acq-mb8_run-01_bold.nii.gz,0.46000000834465027,1640,63,212,62,203,7.0492610837438425,1.4983611330260724,1.2216748768472907,0.7480159583656373,6.827586206896552,1.800667529195742,0.11822660098522167,0.270935960591133,0.6181818181818182,2.018181818181818,2.7185929648241207,1.6677135678391959,0.019704433497536946,2.9507389162561575,95.45754995520967,226.66553755232144,2.1044208764627794,6.897343886607086,2.566012193941347,1.1331195051812344,0.7250295556158819,6.764224381425852,1.4767907959322393,0.08792787324721878,0.35917853005627637,0.2639943907495865,-1.4117815941457978,3.085472954633855,-1.490175248752398,1.904049384092328
sub-0131,shortvideo,ds005256/sub-0131/ses-03/func/sub-0131_ses-03_task-shortvideo_acq-mb8_run-01_bold.nii.gz,0.46000000834465027,1640,63,239,62,228,7.1535087719298245,1.3596241916993062,1.131578947368421,0.4695702017340924,7.021929824561403,1.5436245904075843,0.09210526315789473,0.2807017543859649,0.53125,1.765625,3.44,1.8369444444444445,0.013157894736842105,3.1271929824561404,90.64300753017432,229.78747130944552,3.208958414307612,6.958645450711949,-0.9126053454495494,1.1648186168156967,3.034513615640334,6.793826833896252,-0.8106256785052575,0.10888994397909083,1.2292052243048888,0.26205386388381713,1.247239972951251,3.157737959435914,0.7510573277009985,1.7425393694444389
sub-0132,shortvideo,ds005256/sub-0132/ses-03/func/sub-0132_ses-03_task-shortvideo_acq-mb8_run-01_bold.nii.gz,0.46000000834465027,1640,63,225,62,216,6.717592592592593,1.5667669988214705,1.2638888888888888,0.6539978427292965,6.453703703703703,1.8894284075214414,0.16666666666666666,0.25,0.7592592592592593,2.2777777777777777,2.9953271028037385,1.704731308411215,0.009259259259259259,2.611111111111111,102.58583365240833,228.78543801363776,-3.1568868028027937,6.937889387784981,2.5786019424962423,1.1627927037008523,-3.7503199347670364,6.775096684084129,3.887280364352052,0.10133039494907611,-0.9284056767163561,0.2653285064181843,-0.441322395947521,3.0935570826067864,-0.7706233585373321,1.8084480675093886
sub-0133,shortvideo,ds005256/sub-0133/ses-03/func/sub-0133_ses-03_task-shortvideo_acq-mb8_run-01_bold.nii.gz,0.46000000834465027,1640,63,179,62,170,6.988235294117647,1.5422577597676472,1.1,0.37130825803529754,6.8882352941176475,1.6762815826432873,0.07647058823529412,0.23529411764705882,0.6,2.175,3.0297619047619047,2.214657738095238,0.011764705882352941,2.9941176470588236,101.2216014973873,229.94110988846109,0.707341552762655,6.934057335185178,-0.961514657922843,1.1311621894356625,0.970944728054414,6.802895145749516,-0.5876981742142379,0.08530351360456183,-0.7297192898319413,0.2528502638246867,0.18510749971821278,2.9727419248700904,0.18208278239721448,2.1730037938014743
