contrast,feature,n_pairs,ref_mean,rof_mean,mean_difference,paired_t_p,wilcoxon_p,dz,q_BH,ren_mean,ron_mean
ref-minus-rof,mean_H,12,6.026692708333333,6.126302083333333,-0.099609375,0.2074942050975642,0.43505859375,-0.38661788273235426,0.8379729020307268,,
ref-minus-rof,mean_D,12,1.9638671875,1.9694010416666667,-0.005533854166666667,0.5705526954199606,0.640625,-0.16878603729677935,0.8379729020307268,,
ref-minus-rof,mean_lambda,12,5.062825520833333,5.156901041666667,-0.09407552083333333,0.24127333447636928,0.45751953125,-0.3575536962177531,0.8379729020307268,,
ref-minus-rof,multilevel,12,0.4371744791666667,0.4332682291666667,0.00390625,0.6249747131606476,0.7138671875,0.14516472345189757,0.8379729020307268,,
ref-minus-rof,pivot_rate,12,0.17936197916666666,0.19563802083333334,-0.016276041666666668,0.29112971040917157,0.3203125,-0.32011128304087955,0.8379729020307268,,
ref-minus-rof,compound_pivot_fraction,12,0.5597718157940036,0.5839689754982081,-0.024197159704204687,0.4029644697069268,0.5185546875,-0.25110422836042795,0.8379729020307268,,
ref-minus-rof,pivot_depth,12,1.9208592333724193,1.9368766892111682,-0.016017455838749046,0.7084744213491597,0.791015625,-0.11078030185249037,0.843421930177571,,
ref-minus-rof,tree_span_events,12,2.638137512222737,2.6331694413576128,0.00496807086512463,0.8407289661464731,0.7646484375,0.05940079702666336,0.8953328070345146,,
ref-minus-rof,tree_span_time,12,1.2962929725696055,1.2994182281104945,-0.003125255540889308,0.859519494753134,0.9697265625,-0.05230291273521688,0.8953328070345146,,
ref-minus-rof,tree_root_fraction,12,0.00391390931372549,0.003915205969198703,-1.2966554732129116e-06,0.6703545594492425,0.4375,-0.1262379038730419,0.8379729020307268,,
ref-minus-rof,UP0_mean_H,12,5.845052083333333,5.895833333333333,-0.05078125,0.32442747567439795,0.3095703125,-0.2977848639944513,0.8379729020307268,,
ref-minus-rof,UP0_mean_D,12,3.8294270833333335,3.8802083333333335,-0.05078125,0.32442747567439795,0.3095703125,-0.2977848639944513,0.8379729020307268,,
ref-minus-rof,UP0_multilevel,12,1.0,1.0,0.0,1.0,1.0,,1.0,,
ref-minus-rof,POSPEAK_mean_H,12,6.067708333333333,6.26953125,-0.20182291666666666,0.06924478972548602,0.083984375,-0.5810992969116363,0.8379729020307268,,
ref-minus-rof,POSPEAK_mean_D,12,1.06640625,1.0533854166666667,0.013020833333333334,0.4991280865985601,0.23828125,0.20175370854236604,0.8379729020307268,,
ref-minus-rof,POSPEAK_mean_lambda,12,6.001302083333333,6.216145833333333,-0.21484375,0.0577894178756627,0.05078125,-0.6113581744367943,0.8379729020307268,,
ref-minus-rof,POSPEAK_multilevel,12,0.057291666666666664,0.045572916666666664,0.01171875,0.5510034726282027,0.19140625,0.17756312235479013,0.8379729020307268,,
ref-minus-rof,DOWN0_mean_H,12,6.09765625,6.13671875,-0.0390625,0.7453474788546657,0.98486328125,-0.09614738137781748,0.8469857714257565,,
ref-minus-rof,DOWN0_mean_D,12,1.7408854166666667,1.6979166666666667,0.04296875,0.6021952186859904,0.65234375,0.15491700603699482,0.8379729020307268,,
ref-minus-rof,DOWN0_mean_lambda,12,5.356770833333333,5.438802083333333,-0.08203125,0.6639395879781588,0.8056640625,-0.1288764750268957,0.8379729020307268,,
ref-minus-rof,DOWN0_multilevel,12,0.5091145833333334,0.4817708333333333,0.02734375,0.6703783216245814,0.6923828125,0.12622815127683074,0.8379729020307268,,
ref-minus-rof,NEGPEAK_mean_H,12,6.096354166666667,6.203125,-0.10677083333333333,0.29874179386830607,0.5341796875,-0.31484312406922255,0.8379729020307268,,
ref-minus-rof,NEGPEAK_mean_D,12,1.21875,1.24609375,-0.02734375,0.5666099238647332,0.58154296875,-0.17054274023391483,0.8379729020307268,,
ref-minus-rof,NEGPEAK_mean_lambda,12,5.877604166666667,5.95703125,-0.07942708333333333,0.25480030715655305,0.23974609375,-0.34683325261516434,0.8379729020307268,,
ref-minus-rof,NEGPEAK_multilevel,12,0.18229166666666666,0.20572916666666666,-0.0234375,0.5330208870772137,0.38818359375,-0.18579243378534777,0.8379729020307268,,
ren-minus-ron,mean_H,13,,,-0.033052884615384616,0.6415205571744308,0.772705078125,-0.1324607420919302,1.0,6.027944711538462,6.060997596153846
ren-minus-ron,mean_D,13,,,0.0006009615384615385,0.9565262966815236,0.9609375,0.015438147940906631,1.0,1.9477163461538463,1.9471153846153846
ren-minus-ron,mean_lambda,13,,,-0.03365384615384615,0.6226494352118884,0.7353515625,-0.14008434960690977,1.0,5.080228365384615,5.113882211538462
ren-minus-ron,multilevel,13,,,0.004507211538461538,0.6399039485462213,0.5986328125,0.1331095905104053,1.0,0.42758413461538464,0.4230769230769231
ren-minus-ron,pivot_rate,13,,,0.00030048076923076925,0.9740526897579055,0.95361328125,0.009210951577295151,1.0,0.16676682692307693,0.16646634615384615
ren-minus-ron,compound_pivot_fraction,13,,,0.007290252620890234,0.7491271377541683,0.7333984375,0.09075898820621951,1.0,0.6054500447953314,0.5981597921744412
ren-minus-ron,pivot_depth,13,,,-0.0023469056818194657,0.9543980869835429,0.786865234375,-0.016194815594605408,1.0,1.9860977784649418,1.9884446841467613
ren-minus-ron,tree_span_events,13,,,0.0008272680212184464,0.9425293129425711,1.0,0.02041722840902715,1.0,2.6446265359721672,2.643799267950949
ren-minus-ron,tree_span_time,13,,,0.0017565078313688937,0.7867185873707211,1.0,0.07674285219771079,1.0,1.3075119927612404,1.3057554849298714
ren-minus-ron,tree_root_fraction,13,,,4.760035838861547e-06,0.5475081536933906,0.47265625,0.17167089648324343,1.0,0.0039263844436705254,0.0039216244078316646
ren-minus-ron,UP0_mean_H,13,,,-0.01201923076923077,0.7660491156166582,0.5302734375,-0.08442100714558376,1.0,5.862980769230769,5.875
ren-minus-ron,UP0_mean_D,13,,,-0.01201923076923077,0.7660491156166582,0.5302734375,-0.08442100714558376,1.0,3.847355769230769,3.859375
ren-minus-ron,UP0_multilevel,13,,,0.001201923076923077,0.584492877305777,1.0,0.15585730003983936,1.0,0.9987980769230769,0.9975961538461539
ren-minus-ron,POSPEAK_mean_H,13,,,-0.037259615384615384,0.6657467043295847,0.530029296875,-0.12282647202130073,1.0,6.0576923076923075,6.094951923076923
ren-minus-ron,POSPEAK_mean_D,13,,,0.016826923076923076,0.22961776686854068,0.265625,0.3510621067683544,1.0,1.0901442307692308,1.0733173076923077
ren-minus-ron,POSPEAK_mean_lambda,13,,,-0.054086538461538464,0.4997147446724047,0.29736328125,-0.1930231550723268,1.0,5.967548076923077,6.021634615384615
ren-minus-ron,POSPEAK_multilevel,13,,,0.009615384615384616,0.24242613149442943,0.30517578125,0.34101782308734896,1.0,0.06610576923076923,0.056490384615384616
ren-minus-ron,DOWN0_mean_H,13,,,-0.052884615384615384,0.46425151596824393,0.497314453125,-0.20966728180912042,1.0,6.090144230769231,6.143028846153846
ren-minus-ron,DOWN0_mean_D,13,,,0.002403846153846154,0.9561572515940554,0.95458984375,0.015569349831298675,1.0,1.6370192307692308,1.6346153846153846
ren-minus-ron,DOWN0_mean_lambda,13,,,-0.055288461538461536,0.5855086111067189,0.623291015625,-0.15543068694570172,1.0,5.453125,5.508413461538462
ren-minus-ron,DOWN0_multilevel,13,,,0.007211538461538462,0.7983990275364989,0.857421875,0.07243211517642602,1.0,0.4567307692307692,0.4495192307692308
ren-minus-ron,NEGPEAK_mean_H,13,,,-0.030048076923076924,0.7773475092746873,0.986328125,-0.08021573889230982,1.0,6.100961538461538,6.131009615384615
ren-minus-ron,NEGPEAK_mean_D,13,,,-0.004807692307692308,0.8843314111670354,0.934814453125,-0.041216311182345755,1.0,1.2163461538461537,1.2211538461538463
ren-minus-ron,NEGPEAK_mean_lambda,13,,,-0.025240384615384616,0.8316646217808323,0.98974609375,-0.06025388815004834,1.0,5.884615384615385,5.909855769230769
ren-minus-ron,NEGPEAK_multilevel,13,,,0.0,1.0,0.954833984375,0.0,1.0,0.18870192307692307,0.18870192307692307
ron-minus-rof,mean_H,14,,6.131975446428571,-0.018694196428571428,0.7943340181109609,0.9000613080475436,-0.07111887247760422,0.945635735846382,,6.11328125
ron-minus-rof,mean_D,14,,1.9757254464285714,-0.03404017857142857,0.051523864859945936,0.06494704232454161,-0.5729900409361404,0.4293655404995495,,1.9416852678571428
ron-minus-rof,mean_lambda,14,,5.15625,0.015345982142857142,0.8488010931035712,0.7063581381512472,0.05197878722334376,0.9645466967086037,,5.171595982142857
ron-minus-rof,multilevel,14,,0.4375,-0.017857142857142856,0.15852721962186084,0.2892161639771518,-0.3998270353295544,0.4908425834326176,,0.41964285714285715
ron-minus-rof,pivot_rate,14,,0.20256696428571427,-0.027064732142857144,0.017359497232249308,0.04606599961014724,-0.7281826411121406,0.4293655404995495,,0.17550223214285715
ron-minus-rof,compound_pivot_fraction,14,,0.6032350515075929,0.0020321255416594747,0.9387280254378862,0.6697998046875,0.020944977707976084,0.9778416931644648,,0.6052671770492525
ron-minus-rof,pivot_depth,14,,1.9710452104707399,0.011809571102473144,0.7859663143971595,0.5416259765625,0.07409161796855017,0.945635735846382,,1.9828547815732127
ron-minus-rof,tree_span_events,14,,2.6259099413317353,0.03219701728169826,0.14749825213146953,0.0494384765625,0.41162977495987024,0.4908425834326176,,2.6581069586134336
ron-minus-rof,tree_span_time,14,,1.2959824308173984,0.01789797189040459,0.2739949574356909,0.13525390625,0.3052508190227728,0.4908425834326176,,1.313880402707803
ron-minus-rof,tree_root_fraction,14,,0.00391392654502746,6.591075165243933e-06,0.30603272612132576,0.33394230249776635,0.28477113047367497,0.4908425834326176,,0.003920517620192704
ron-minus-rof,UP0_mean_H,14,,5.925223214285714,-0.04799107142857143,0.2836851513019414,0.24537722677371787,-0.2988739920956096,0.4908425834326176,,5.877232142857143
ron-minus-rof,UP0_mean_D,14,,3.9095982142857144,-0.04799107142857143,0.2836851513019414,0.24537722677371787,-0.2988739920956096,0.4908425834326176,,3.861607142857143
ron-minus-rof,UP0_multilevel,14,,1.0,-0.002232142857142857,0.16482344535684473,0.15729920705028502,-0.3933978962347215,0.4908425834326176,,0.9977678571428571
ron-minus-rof,POSPEAK_mean_H,14,,6.3515625,-0.17633928571428573,0.0851241012650605,0.1399507141264345,-0.4980577930111189,0.4908425834326176,,6.175223214285714
ron-minus-rof,POSPEAK_mean_D,14,,1.046875,0.0234375,0.12184598876576852,0.12477679236604437,0.4423258684646914,0.4908425834326176,,1.0703125
ron-minus-rof,POSPEAK_mean_lambda,14,,6.3046875,-0.19977678571428573,0.043419499681341116,0.06854372841439096,-0.5979215746874003,0.4293655404995495,,6.104910714285714
ron-minus-rof,POSPEAK_multilevel,14,,0.04017857142857143,0.015625,0.31413925339687526,0.11525679957791299,0.2798450517912514,0.4908425834326176,,0.05580357142857143
ron-minus-rof,DOWN0_mean_H,14,,6.068080357142857,0.13727678571428573,0.37082175847681625,0.463134765625,0.24774887643180027,0.5453261154070828,,6.205357142857143
ron-minus-rof,DOWN0_mean_D,14,,1.7165178571428572,-0.125,0.2008701253230802,0.1485784588180588,-0.3601052769313655,0.4908425834326176,,1.5915178571428572
ron-minus-rof,DOWN0_mean_lambda,14,,5.3515625,0.2622767857142857,0.28274312212067365,0.28576274557285797,0.29948658338512335,0.4908425834326176,,5.613839285714286
ron-minus-rof,DOWN0_multilevel,14,,0.515625,-0.1015625,0.2247790517814389,0.33041653261075254,-0.3406385865802212,0.4908425834326176,,0.4140625
ron-minus-rof,NEGPEAK_mean_H,14,,6.183035714285714,0.012276785714285714,0.9132606224686384,0.9499321762217291,0.029683581505534885,0.9778416931644648,,6.1953125
ron-minus-rof,NEGPEAK_mean_D,14,,1.2299107142857142,0.013392857142857142,0.7510873930968505,0.5754030229127536,0.0865942144119411,0.945635735846382,,1.2433035714285714
ron-minus-rof,NEGPEAK_mean_lambda,14,,5.953125,-0.0011160714285714285,0.9898292757488969,0.9000368006604019,-0.003472998544158052,0.9898292757488969,,5.952008928571429
ron-minus-rof,NEGPEAK_multilevel,14,,0.19419642857142858,0.016741071428571428,0.6219437355094387,0.5515199726994913,0.13499319859094833,0.8638107437631093,,0.2109375
ren-minus-ref,mean_H,13,6.018329326923077,,0.009615384615384616,0.8734333006298315,0.877685546875,0.04513531594724664,0.9925378416248084,6.027944711538462,
ren-minus-ref,mean_D,13,1.9624399038461537,,-0.014723557692307692,0.012096284642311871,0.021240234375,-0.8187731685915658,0.3024071160577968,1.9477163461538463,
ren-minus-ref,mean_lambda,13,5.055889423076923,,0.024338942307692308,0.6951510690567547,0.672607421875,0.11134023248196068,0.9868004025220668,5.080228365384615,
ren-minus-ref,multilevel,13,0.4375,,-0.009915865384615384,0.22955364743859452,0.22119140625,-0.3511135041793702,0.6771870361952482,0.42758413461538464,
ren-minus-ref,pivot_rate,13,0.17878605769230768,,-0.01201923076923077,0.24378733303028938,0.41650390625,-0.3399754022529254,0.6771870361952482,0.16676682692307693,
ren-minus-ref,compound_pivot_fraction,13,0.5569222355581012,,0.04852780923723014,0.03348887234815629,0.021484375,0.6657754130603506,0.41861090435195364,0.6054500447953314,
ren-minus-ref,pivot_depth,13,1.9182057259102052,,0.06789205255473679,0.19233424055452025,0.243896484375,0.383133041738584,0.6771870361952482,1.9860977784649418,
ren-minus-ref,tree_span_events,13,2.6380010602335755,,0.006625475738591735,0.6446326618573134,1.0,0.13121381817750663,0.9868004025220668,2.6446265359721672,
ren-minus-ref,tree_span_time,13,1.2973306368869935,,0.010181355874246614,0.27218160663941215,0.497314453125,0.31920849753880737,0.6804540165985304,1.3075119927612404,
ren-minus-ref,tree_root_fraction,13,0.00391568612605551,,1.069831761501611e-05,0.09452198788358439,0.109375,0.5034936793165186,0.5907624242724024,0.0039263844436705254,
ren-minus-ref,UP0_mean_H,13,5.841346153846154,,0.021634615384615384,0.487577838858173,0.4296875,0.19863549142441772,0.8706747122467375,5.862980769230769,
ren-minus-ref,UP0_mean_D,13,3.8257211538461537,,0.021634615384615384,0.487577838858173,0.4296875,0.19863549142441772,0.8706747122467375,3.847355769230769,
ren-minus-ref,UP0_multilevel,13,1.0,,-0.001201923076923077,0.33704905795358453,1.0,-0.2773500981126146,0.7660205862581467,0.9987980769230769,
ren-minus-ref,POSPEAK_mean_H,13,6.0576923076923075,,0.0,1.0,0.905517578125,0.0,1.0,6.0576923076923075,
ren-minus-ref,POSPEAK_mean_D,13,1.0685096153846154,,0.021634615384615384,0.1980278997879163,0.21533203125,0.37792281714609205,0.6771870361952482,1.0901442307692308,
ren-minus-ref,POSPEAK_mean_lambda,13,5.9891826923076925,,-0.021634615384615384,0.793709836058644,0.786376953125,-0.07416036358443379,0.9868004025220668,5.967548076923077,
ren-minus-ref,POSPEAK_multilevel,13,0.05889423076923077,,0.007211538461538462,0.6071726841813667,0.63427734375,0.14642133026077517,0.9868004025220668,0.06610576923076923,
ren-minus-ref,DOWN0_mean_H,13,6.090144230769231,,0.0,1.0,0.828857421875,0.0,1.0,6.090144230769231,
ren-minus-ref,DOWN0_mean_D,13,1.7367788461538463,,-0.09975961538461539,0.08306339187464683,0.131591796875,-0.5243581226709519,0.5907624242724024,1.6370192307692308,
ren-minus-ref,DOWN0_mean_lambda,13,5.353365384615385,,0.09975961538461539,0.4109697554529789,0.45849609375,0.23626372729047787,0.8561869905270395,5.453125,
ren-minus-ref,DOWN0_multilevel,13,0.5072115384615384,,-0.05048076923076923,0.21595327703764036,0.2744140625,-0.3622866649827875,0.6771870361952482,0.4567307692307692,
ren-minus-ref,NEGPEAK_mean_H,13,6.084134615384615,,0.016826923076923076,0.813386156392795,0.802001953125,0.06692834038208696,0.9868004025220668,6.100961538461538,
ren-minus-ref,NEGPEAK_mean_D,13,1.21875,,-0.002403846153846154,0.9404124215476973,0.74462890625,-0.02117083798997636,1.0,1.2163461538461537,
ren-minus-ref,NEGPEAK_mean_lambda,13,5.865384615384615,,0.019230769230769232,0.8078905111699421,0.684814453125,0.0689431051526036,0.9868004025220668,5.884615384615385,
ren-minus-ref,NEGPEAK_multilevel,13,0.18389423076923078,,0.004807692307692308,0.828912338118536,0.87646484375,0.06125638918316889,0.9868004025220668,0.18870192307692307,
