key,subject,task,direction,tr,n_volumes,n_anchors,n_peaks,anchor_interval_mean,anchor_interval_cv,peak_rate_per_min,coactivation_mean,coactivation_sd,global_sd,global_lag1,spectral_entropy,dvars_pct,tsnr,n_frames,n_events,mean_H,sd_H,mean_D,sd_D,mean_lambda,sd_lambda,multilevel,pivot_rate,compound_pivot_fraction,pivot_depth,tree_span_events,tree_span_time,tree_root_fraction,projection_depth_mean,projection_error_ms_mean,projection_error_ms_max,surz_mean_H,surz_mean_D,surz_mean_lambda,surz_multilevel,surz_pivot_rate,surz_tree_span_events,surz_tree_span_time
ds004796/sub-01/func/sub-01_task-sternberg_dir-PA_bold.nii.gz,sub-01,sternberg,PA,0.800000011920929,515,24,111,15.699052173913042,0.1281925682345583,16.165048302811332,0.8489065583490829,0.52905685099197,0.539061458251804,0.8841996321691148,0.908256067024382,7.020813143512959,23.73067228822888,23,92,5.967391304347826,1.1901711665293528,1.2717391304347827,0.6969834669325072,5.695652173913044,1.5099605586493112,0.16304347826086957,0.22826086956521738,0.7142857142857143,1.8571428571428572,2.6483516483516483,1.2987637362637363,0.010869565217391304,2.5869565217391304,191.53693432285309,387.9128475657763,1.3054675586717128,0.11469989148225469,0.9693451363143915,-0.2105415277197419,0.01126080042872,-0.8690489703620821,-0.700043230386682
ds004796/sub-02/func/sub-02_task-sternberg_dir-PA_bold.nii.gz,sub-02,sternberg,PA,0.800000011920929,515,24,118,15.663521739130436,0.13965784271588827,17.18446576334898,0.9209555753121459,0.3900464556020001,0.6936826388771037,0.9032200775225112,0.7211333087303885,8.509100795714543,15.116765943538597,23,101,5.98019801980198,1.326500644702459,1.2277227722772277,0.5980165234976687,5.752475247524752,1.5582422186172433,0.15841584158415842,0.22772277227722773,0.391304347826087,1.6956521739130435,3.36,1.485625,0.009900990099009901,2.5346534653465347,183.63630010384722,393.93856476153763,0.6477388381677999,-1.81545408378687,1.0547416139102777,-1.2910446751468443,-0.48694061306981223,1.9901534084422468,1.5585159862048035
ds004796/sub-03/func/sub-03_task-sternberg_dir-PA_bold.nii.gz,sub-03,sternberg,PA,0.800000011920929,515,24,127,15.656843478260871,0.14404161789348482,18.49514535546882,0.8607783305551494,0.5094748994544274,0.8033127948331147,0.8900763901574583,0.8119095724275068,9.097997897587447,19.343529105753007,23,109,6.009174311926605,1.15866632179413,1.2293577981651376,0.6029714618106482,5.779816513761468,1.34960761214577,0.1559633027522936,0.22018348623853212,0.5833333333333334,1.8333333333333333,2.9158878504672896,1.223714953271028,0.01834862385321101,2.688073394495413,174.26671018185806,399.8721587832363,0.5483101435161916,-1.6975826224939965,1.3527652497718714,-1.291345864422944,-0.006672196771468379,0.5039520154440233,0.43184557070631663
ds004796/sub-04/func/sub-04_task-sternberg_dir-PA_bold.nii.gz,sub-04,sternberg,PA,0.800000011920929,515,24,103,15.675082608695652,0.13365063033234467,14.999999776482586,0.8550156937524627,0.5191063545710042,0.7776503191946614,0.8188710062328288,0.862369046785143,8.456527487545753,23.834803939572446,23,88,5.761363636363637,1.2502350876113943,1.3863636363636365,0.9276322371490326,5.375,1.6351912960606914,0.2159090909090909,0.20454545454545456,0.8888888888888888,2.1666666666666665,3.0823529411764707,1.6051470588235295,0.03409090909090909,2.272727272727273,161.21628850692687,376.49907898143914,-1.1336225834162745,1.9661631100854364,-1.74018444160649,1.816223287866053,-1.0524774977740563,1.4784212407138588,1.3518721013521837
ds004796/sub-05/func/sub-05_task-sternberg_dir-PA_bold.nii.gz,sub-05,sternberg,PA,0.800000011920929,515,24,103,15.65404347826087,0.14182406161712213,14.999999776482586,0.9247350408442389,0.380981550692145,0.6517088511366086,0.9164143001303717,0.7786879849164305,7.99097960531285,22.69985856044768,23,90,5.766666666666667,1.2090482839030825,1.2333333333333334,0.5618988673050087,5.533333333333333,1.4237156640758124,0.16666666666666666,0.23333333333333334,0.47619047619047616,1.7142857142857142,2.727272727272727,1.3316761363636365,0.022222222222222223,2.488888888888889,163.1299768041065,397.13595145517525,-1.1714590014284219,-0.9194295743613038,-0.10668005289224677,-0.624600503942767,-0.09925347439634427,0.06368754061487156,-0.463784130033932
ds004796/sub-07/func/sub-07_task-sternberg_dir-PA_bold.nii.gz,sub-07,sternberg,PA,0.800000011920929,515,24,119,15.640117391304347,0.13139603677664233,17.330096829140075,0.9096348060925168,0.41581275451885985,0.7439942988977188,0.872875181445115,0.8860249151798405,8.994481117897275,19.689442767588936,23,105,6.142857142857143,1.3546825588176865,1.2380952380952381,0.6433656922150993,5.904761904761905,1.5903785804971184,0.1523809523809524,0.20952380952380953,0.6363636363636364,2.0,2.5961538461538463,1.0955528846153846,0.009523809523809525,2.6952380952380954,167.53872363706137,398.61805366921374,2.8737296740898524,-1.1181529832394392,2.671377333716199,-0.9433279204602623,-0.7205587198475565,-0.44975080603356343,-0.92443281625956
ds004796/sub-08/func/sub-08_task-sternberg_dir-PA_bold.nii.gz,sub-08,sternberg,PA,0.800000011920929,515,24,123,15.629386956521738,0.1402835888917635,17.912621092304448,0.879478613055373,0.47640115733559363,0.7271924131991927,0.8799946921485324,0.9151275003783683,6.239114528856161,24.79083092359988,23,103,6.067961165048544,1.1653673654759156,1.2815533980582525,0.8214940445663302,5.786407766990291,1.4528571272138033,0.1650485436893204,0.2524271844660194,0.2692307692307692,1.3461538461538463,2.3636363636363638,1.0025252525252526,0.038834951456310676,2.621359223300971,179.41933633575258,392.68708543175677,1.6147734556047857,-0.8855783686522569,1.7366689301290823,-2.0870865793036053,1.6229264048386598,-2.3354062609744504,-2.4895463106039935
ds004796/sub-09/func/sub-09_task-sternberg_dir-PA_bold.nii.gz,sub-09,sternberg,PA,0.800000011920929,515,24,125,15.651139130434785,0.12789318421841642,18.203883223886635,0.8685928569661779,0.4960082299314176,0.777094451525715,0.8885469899291062,0.8224605452048941,6.751705183972295,26.56209313494451,23,106,6.132075471698113,1.179793942445344,1.2641509433962264,0.7078052838572516,5.867924528301887,1.4805113125642533,0.16037735849056603,0.19811320754716982,0.6190476190476191,1.9047619047619047,2.7281553398058254,1.1674757281553398,0.02830188679245283,2.69811320754717,157.0217396253626,399.07132417475384,3.002065802462658,-0.9303867075392991,2.6288737921716363,-1.3189332474143856,-1.1379770986169817,-0.5488287549380688,-0.5667399854925431
ds004796/sub-10/func/sub-10_task-sternberg_dir-PA_bold.nii.gz,sub-10,sternberg,PA,0.800000011920929,515,24,135,15.659843478260868,0.1471967776517287,19.660193881797564,0.9000820926555438,0.43614399914785734,0.5421251986696708,0.743205728983722,0.8945969032720671,9.772940284767383,18.98223442187198,23,118,6.008474576271187,1.1802923200998008,1.2966101694915255,0.7078234609431291,5.711864406779661,1.5196811120468792,0.1864406779661017,0.17796610169491525,0.5238095238095238,1.8571428571428572,3.689655172413793,1.3733836206896552,0.01694915254237288,2.6016949152542375,184.5013665089334,397.16516611347413,0.33350486384795175,-0.17380040161353497,0.3187533696516929,-0.26798298922669567,-1.704057256535338,3.283016755919471,2.2613622967938927
ds004796/sub-11/func/sub-11_task-sternberg_dir-PA_bold.nii.gz,sub-11,sternberg,PA,0.800000011920929,515,24,151,15.638817391304347,0.15511818495836036,21.990290934455054,0.9017647285469652,0.4326474738386741,0.6457802533581203,0.6999898017313405,0.8605512439045153,10.28698478563609,19.098817634504883,23,132,6.068181818181818,1.0926065327427292,1.4545454545454546,0.902613984797322,5.613636363636363,1.4337679354461073,0.25757575757575757,0.19696969696969696,0.4230769230769231,1.6153846153846154,2.372093023255814,0.7839147286821705,0.022727272727272728,2.477272727272727,184.96571834948534,396.3927266728575,1.3354249780907692,1.3782353693235676,0.01402577458001385,1.0143383684993286,0.6146918136919995,-2.3779933707866303,-2.8592023105510025
ds004796/sub-12/func/sub-12_task-sternberg_dir-PA_bold.nii.gz,sub-12,sternberg,PA,0.800000011920929,515,24,104,15.610530434782607,0.14453338905102428,15.145630842273679,0.8869629471446118,0.4622896315800016,0.7223237126836989,0.8876875102190632,0.8567947105190433,7.057723117134904,22.11984597300038,23,91,5.791208791208791,1.1786666998160207,1.2967032967032968,0.752691548075682,5.4945054945054945,1.5374844271921466,0.18681318681318682,0.23076923076923078,0.42857142857142855,1.619047619047619,2.7191011235955056,1.3700842696629214,0.02197802197802198,2.4835164835164836,184.41247314134128,395.1238344048412,-0.8658068422092118,0.5545362098633788,-0.8412299126352379,0.7919787194183915,-0.3388430811503689,0.04456835154188341,-0.24353295433926206
ds004796/sub-13/func/sub-13_task-sternberg_dir-PA_bold.nii.gz,sub-13,sternberg,PA,0.800000011920929,515,24,126,15.648965217391304,0.14202480108944576,18.349514289677728,0.8667984137826169,0.49914355053072446,0.7420642602799159,0.8605168763207335,0.8867345169300067,7.0366214655431545,22.438771973969644,23,104,5.875,1.2282081035521089,1.375,0.9262881348359505,5.5,1.5641617377201031,0.19230769230769232,0.22115384615384615,0.5217391304347826,1.7826086956521738,2.607843137254902,1.1225490196078431,0.019230769230769232,2.423076923076923,168.6112683665363,393.6208978395008,-0.853976225886818,1.4027241471808467,-1.2017773815434447,0.13338457788796843,0.15579788158371136,-0.5763758146058315,-0.4940510792897099
ds004796/sub-14/func/sub-14_task-sternberg_dir-PA_bold.nii.gz,sub-14,sternberg,PA,0.800000011920929,515,24,95,15.670721739130435,0.14304752423156145,13.834951250153841,0.891793198638903,0.45288315130164075,0.682876619975896,0.9205167666450271,0.7882287924149209,7.317951612335343,16.61826920788741,23,81,5.938271604938271,1.1106943662901338,1.3950617283950617,0.8012336167697753,5.54320987654321,1.5576374956649042,0.24691358024691357,0.1728395061728395,0.7142857142857143,2.0,2.871794871794872,1.6121794871794872,0.037037037037037035,2.3209876543209877,166.59808188601363,399.3643461146618,0.6811481242523554,2.2139426014123633,-0.43842448570077003,2.1699964317495266,-2.4952858421917563,0.6322421236647653,0.60717309449431
ds004796/sub-15/func/sub-15_task-sternberg_dir-PA_bold.nii.gz,sub-15,sternberg,PA,0.800000011920929,515,24,118,15.63228695652174,0.13718070829343978,17.18446576334898,0.9181635208422823,0.39658687414182425,0.5036787587656307,0.8476612199357094,0.8087081640274233,8.367890071108777,13.3822340449794,23,104,5.721153846153846,1.2653464222633177,1.3269230769230769,0.7431539674038689,5.394230769230769,1.6453421707504758,0.20192307692307693,0.16346153846153846,0.5882352941176471,1.8823529411764706,2.9019607843137254,1.2653186274509804,0.019230769230769232,2.355769230769231,178.93394934158226,398.8422760155128,-2.1840375536053025,0.591819406251925,-1.9138629028622187,0.8467732313754703,-1.6575132080979067,0.4753633842644556,0.0892945435302666
ds004796/sub-16/func/sub-16_task-sternberg_dir-PA_bold.nii.gz,sub-16,sternberg,PA,0.800000011920929,515,24,145,15.635043478260872,0.1299683156897108,21.116504539708494,0.8947089030861736,0.4470839992282277,0.6633670305238824,0.7295865645427136,0.8697724735358968,10.239935471332291,19.18889570791525,23,121,6.082644628099174,1.262185781752592,1.3636363636363635,0.8465616732800196,5.7190082644628095,1.618760536623972,0.19834710743801653,0.2066115702479339,0.48,1.76,2.7983193277310923,1.0688025210084033,0.01652892561983471,2.5702479338842976,171.99068582436078,389.6727901346946,1.539573149234187,0.06893771029152679,0.9289043602378052,-0.48740895696238606,-0.8125139943799446,-0.10210241137300252,0.17183565601623585
ds004796/sub-17/func/sub-17_task-sternberg_dir-PA_bold.nii.gz,sub-17,sternberg,PA,0.800000011920929,515,24,99,15.678604347826086,0.13627065143795083,14.417475513318214,0.884355746579122,0.46726745231628647,0.4974171388402816,0.8683534605253014,0.8819742694683743,9.1291872914238,13.345703342007225,23,86,5.906976744186046,1.1644529841921403,1.244186046511628,0.6496342230848137,5.662790697674419,1.4439363283687536,0.16279069767441862,0.26744186046511625,0.5652173913043478,1.6956521739130435,3.630952380952381,1.8504464285714286,0.023255813953488372,2.5232558139534884,177.85828740565387,397.4278318915463,0.25206656021398616,-0.34135576904638715,0.3484495576462968,-0.12147048238879672,1.4768553658672507,2.7940787317526645,2.435224994300722
ds004796/sub-18/func/sub-18_task-sternberg_dir-PA_bold.nii.gz,sub-18,sternberg,PA,0.800000011920929,515,24,101,15.611156521739131,0.13469221154523175,14.7087376449004,0.8837329409393001,0.4684465710948902,0.4393871620108833,0.9165656496837927,0.8162800134439079,8.11861369928435,14.019005203989888,23,86,5.906976744186046,1.3072459328162276,1.2325581395348837,0.6803877545782459,5.674418604651163,1.604712621991616,0.12790697674418605,0.26744186046511625,0.5652173913043478,1.7391304347826086,2.7857142857142856,1.5014880952380953,0.023255813953488372,2.604651162790698,185.61729105615268,399.69326010659364,1.1631333559473163,0.09399583036748106,0.8207928565704394,-0.4799942427191424,1.4775482378122242,-0.24295788991031678,-0.06127838598054421
ds004796/sub-19/func/sub-19_task-sternberg_dir-PA_bold.nii.gz,sub-19,sternberg,PA,0.800000011920929,515,24,112,15.661291304347825,0.1486652341937719,16.310679368602425,0.8801803318623559,0.4751009108909824,0.5816695071034377,0.8783134889546085,0.8802415190442063,8.00523049945097,17.989846841679014,23,95,5.91578947368421,1.234806883813639,1.3473684210526315,0.6960132832651422,5.568421052631579,1.6220071069114406,0.24210526315789474,0.2736842105263158,0.46153846153846156,1.6923076923076923,2.795698924731183,1.3151881720430108,0.021052631578947368,2.5052631578947366,185.296923591026,398.9514947633875,0.6138035167946124,1.6924315622187787,-0.4360909706143846,2.0564178348707705,2.2431392294098798,-0.048176899681819985,-0.06387187796190023
ds004796/sub-20/func/sub-20_task-sternberg_dir-PA_bold.nii.gz,sub-20,sternberg,PA,0.800000011920929,515,24,112,15.643934782608696,0.1257767252478245,16.310679368602425,0.8899004491359236,0.4565983021154245,0.635802543363922,0.8850242852928037,0.9239405962454641,7.663555711790842,19.35387578256749,23,95,5.926315789473684,1.2483359584557243,1.4105263157894736,0.7648492667812767,5.515789473684211,1.7434568125809218,0.2631578947368421,0.22105263157894736,0.6190476190476191,1.8571428571428572,3.118279569892473,1.448252688172043,0.021052631578947368,2.4105263157894736,162.7681742322189,397.82519952957864,0.5078750421719094,1.6550966200616897,-0.43265502072842543,2.080816715500638,0.18841910557192468,1.1193440634678216,0.7179936546969666
ds004796/sub-21/func/sub-21_task-sternberg_dir-PA_bold.nii.gz,sub-21,sternberg,PA,0.800000011920929,515,24,116,15.627213043478262,0.14726968011406913,16.893203631766795,0.9079819828361444,0.4194166089593625,0.43699747337901085,0.7714100017127141,0.9025371117694995,10.34655029504287,14.000678645662429,23,102,5.892156862745098,1.273545473927161,1.2843137254901962,0.6352274244708307,5.607843137254902,1.5616496909770368,0.19607843137254902,0.24509803921568626,0.52,1.88,2.94,1.36375,0.0196078431372549,2.5294117647058822,169.35629315984798,397.38209815111696,0.0015627288771607377,-0.13016372824160433,0.05477706661601075,0.6636861653384888,0.29744591029826717,0.8737534315177079,0.9084605844547639
ds004796/sub-23/func/sub-23_task-sternberg_dir-PA_bold.nii.gz,sub-23,sternberg,PA,0.800000011920929,515,24,137,15.625039130434782,0.13572038081466398,19.95145601337975,0.888937902582915,0.4584730689412232,0.7065701077720642,0.8191873346074541,0.7782623998911076,8.79933354226414,19.893918579276324,23,112,6.0,1.2592003754707135,1.3482142857142858,0.8351492441320054,5.651785714285714,1.6696000569191263,0.19642857142857142,0.26785714285714285,0.5666666666666667,1.7,2.963636363636364,1.20625,0.017857142857142856,2.580357142857143,162.18442417944175,396.8316282141394,0.2769449607234947,-0.004877995658973086,0.162318267661009,-0.32528724336701575,2.455007647598196,0.2928831966131102,0.6699833794649955
ds004796/sub-24/func/sub-24_task-sternberg_dir-PA_bold.nii.gz,sub-24,sternberg,PA,0.800000011920929,515,24,114,15.630886956521737,0.13542333577801274,16.60194150018461,0.8444521920436387,0.5361517194750068,0.8248806743857662,0.9010025011084285,0.8874320401932084,7.138876949212197,22.942392994687932,23,98,5.938775510204081,1.3379190375903336,1.3673469387755102,0.8779986039258189,5.571428571428571,1.6745517941646972,0.19387755102040816,0.23469387755102042,0.43478260869565216,1.7391304347826086,2.694736842105263,1.2203947368421053,0.030612244897959183,2.3877551020408165,188.75436877457528,398.6279325997657,0.5871014995247842,0.3735775884479876,0.18053227530065633,-0.33418049061763766,0.4045708895260276,-0.3227329078159457,-0.7540764743029279
ds004796/sub-25/func/sub-25_task-sternberg_dir-PA_bold.nii.gz,sub-25,sternberg,PA,0.800000011920929,515,24,122,15.680200000000001,0.12943578652952786,17.766990026513355,0.8933732022110513,0.4497522551294421,0.695154168230983,0.7991953566757358,0.9268873682983458,6.732389143153943,25.22583487582203,23,106,5.89622641509434,1.19466468922311,1.2264150943396226,0.6367030984528933,5.669811320754717,1.4123381364532164,0.1509433962264151,0.20754716981132076,0.6363636363636364,1.8636363636363635,2.5145631067961167,1.0588592233009708,0.02830188679245283,2.669811320754717,176.3145510707665,398.7998432348861,-0.44653166882895357,-1.2704669232091783,0.3833692205544329,-1.2771218510110838,0.27470096118264814,-1.3135799367810128,-1.6287012747002294
ds004796/sub-26/func/sub-26_task-sternberg_dir-PA_bold.nii.gz,sub-26,sternberg,PA,0.800000011920929,515,24,117,15.640891304347827,0.1397210396934539,17.03883469755789,0.9105113270969175,0.4138861520579473,0.6851728999491328,0.8915046626515307,0.7319130621283224,7.973425004941622,19.306277099670403,23,101,5.762376237623762,1.250188104658536,1.386138613861386,0.7611871915593819,5.376237623762377,1.6664422291127579,0.25742574257425743,0.21782178217821782,0.5454545454545454,1.9545454545454546,2.73,1.24,0.009900990099009901,2.3267326732673266,192.91231433946035,397.44528322785465,-2.5588940253386823,1.5877601450492296,-2.671935189688709,2.7087887610943033,-0.518755506750103,-0.21540065407870299,-0.2684591544882177
ds004796/sub-27/func/sub-27_task-sternberg_dir-PA_bold.nii.gz,sub-27,sternberg,PA,0.800000011920929,515,24,108,15.642339130434785,0.1344351047668308,15.728155105438052,0.8608408120280389,0.5093691145957683,0.730856886547032,0.8584428745433389,0.9084383964245052,6.1417548963418565,23.814663698349218,23,95,5.863157894736842,1.3096249773072481,1.3473684210526315,0.7546793182937018,5.515789473684211,1.6036073556054322,0.21052631578947367,0.2,0.47368421052631576,1.894736842105263,2.627659574468085,1.2253989361702127,0.010526315789473684,2.389473684210526,167.45822585057581,389.70692459393183,-0.49870414933622303,0.7878308838767683,-0.6863134166461793,0.4219021267548643,-0.9642644440299578,-0.6288729120662804,-1.0262737807147198
ds004796/sub-29/func/sub-29_task-sternberg_dir-PA_bold.nii.gz,sub-29,sternberg,PA,0.800000011920929,515,24,129,15.61405652173913,0.14231136253893337,18.786407487051004,0.8906184414174249,0.455193500205524,0.6581768088966479,0.914172002690984,0.7612619361992663,7.466411347819941,18.228008589176763,23,113,5.964601769911504,1.2672326679184436,1.4336283185840708,0.8331963646392371,5.530973451327434,1.7116762693554495,0.25663716814159293,0.18584070796460178,0.6190476190476191,1.8571428571428572,3.109090909090909,1.2551136363636364,0.02654867256637168,2.4690265486725664,184.86286381957714,397.1932796703592,0.331914010936926,1.9262072084138395,-0.5365195965311691,1.388755145196367,-0.4912724477488905,0.518498578879128,0.3782182116831169
ds004796/sub-31/func/sub-31_task-sternberg_dir-PA_bold.nii.gz,sub-31,sternberg,PA,0.800000011920929,515,24,121,15.64161304347826,0.1390567044773366,17.62135896072226,0.91973434292409,0.3929230468973385,0.5619056612141391,0.8788570957750057,0.84185075290157,6.936492903467078,20.793041755099395,23,104,5.875,1.2360876268935077,1.2596153846153846,0.6535220828485633,5.615384615384615,1.54107321265127,0.17307692307692307,0.2692307692307692,0.5357142857142857,1.6785714285714286,3.1584158415841586,1.3719059405940595,0.028846153846153848,2.576923076923077,160.01258232150636,382.1940015364155,-0.523652980490117,-0.6055690525916,-0.034590838078882455,-0.38945333078617056,2.4449084270461388,0.996440268821488,0.6948425644386796
ds004796/sub-32/func/sub-32_task-sternberg_dir-PA_bold.nii.gz,sub-32,sternberg,PA,0.800000011920929,515,24,135,15.65984347826087,0.13942895148568357,19.660193881797564,0.869707549974681,0.4940472886466429,0.6755621623794282,0.819767368372594,0.9031914550082472,8.481901020970447,19.39790290292786,23,117,6.042735042735043,1.169977618362128,1.3162393162393162,0.6109570311880773,5.726495726495727,1.4658405357591537,0.23931623931623933,0.21367521367521367,0.52,1.76,3.208695652173913,1.203804347826087,0.017094017094017096,2.5982905982905984,159.56893040407928,395.5023441850844,1.815189493671976,-0.41287900780045805,1.4252719292592213,0.47008720047526226,-0.6351416658968905,1.050713651197631,0.26906380969349747
ds004796/sub-33/func/sub-33_task-sternberg_dir-PA_bold.nii.gz,sub-33,sternberg,PA,0.800000011920929,515,24,137,15.593895652173913,0.14336788153856275,19.95145601337975,0.9106140035685144,0.4136597596803044,0.554613097415461,0.8372400900014079,0.8733179385264417,8.236717227771528,20.20224040681193,23,116,5.939655172413793,1.1593760923609866,1.25,0.5086213249303583,5.689655172413793,1.385727202612394,0.21551724137931033,0.23275862068965517,0.5555555555555556,1.7407407407407407,3.0789473684210527,1.186951754385965,0.017241379310344827,2.6379310344827585,179.27660966527716,397.09232691102903,-0.006616262801372658,-1.283301296073874,0.5263196135775472,0.644001064922443,0.2852020687240744,0.28331369604436185,0.09030070684781069
ds004796/sub-34/func/sub-34_task-sternberg_dir-PA_bold.nii.gz,sub-34,sternberg,PA,0.800000011920929,515,24,133,15.664921739130435,0.13265533521303324,19.368931750215378,0.8783734684428565,0.4784396759630386,0.6024818746662555,0.7676786487924201,0.9247291655103552,7.753962945047274,22.200942524996993,23,111,5.882882882882883,1.1734853970407886,1.3693693693693694,0.8412969201063959,5.513513513513513,1.4762659582071176,0.23423423423423423,0.26126126126126126,0.4482758620689655,1.5862068965517242,2.5596330275229358,1.0447247706422018,0.018018018018018018,2.4234234234234235,178.695797007177,393.08462528602786,-1.918173573378429,0.3772264062369938,-1.0427343765088561,0.7334483733027986,1.225049717654458,-1.1475104605797513,-1.0121616172093677
ds004796/sub-35/func/sub-35_task-sternberg_dir-PA_bold.nii.gz,sub-35,sternberg,PA,0.800000011920929,515,24,133,15.645969565217392,0.12878071193578697,19.368931750215378,0.8943419438020682,0.44781903544207186,0.7157253921836977,0.9278661345159306,0.6436448532459482,9.871171412424388,17.28296620718664,23,112,6.0,1.1468719698882328,1.2321428571428572,0.6148630970034128,5.767857142857143,1.3621799093857263,0.16964285714285715,0.1875,0.5714285714285714,1.9523809523809523,2.881818181818182,1.1852272727272728,0.017857142857142856,2.6339285714285716,174.22558205932813,397.88132561918144,0.717326374318081,-1.5764266055260088,1.3827472591883183,-0.734288905160015,-1.8859096543308835,0.05655317689669963,0.20863537791741102
ds004796/sub-36/func/sub-36_task-sternberg_dir-PA_bold.nii.gz,sub-36,sternberg,PA,0.800000011920929,515,24,112,15.632282608695652,0.12905117221503715,16.310679368602425,0.8886040871817367,0.459120986478529,0.7325290153357428,0.825839608823463,0.9302647132360067,7.753538804349448,22.426691306582626,23,93,5.774193548387097,1.1046249831667692,1.3225806451612903,0.7095817862378155,5.451612903225806,1.3871783139215759,0.1935483870967742,0.24731182795698925,0.6086956521739131,1.826086956521739,2.5444444444444443,1.2756944444444445,0.03225806451612903,2.3333333333333335,172.48138450598486,390.38815282503606,-1.4867351702000504,1.1310238414764902,-1.5591612318224164,0.806519250684644,0.8492281036908809,-0.860009481849204,-0.3843304001771405
ds004796/sub-37/func/sub-37_task-sternberg_dir-PA_bold.nii.gz,sub-37,sternberg,PA,0.800000011920929,515,24,135,15.690300000000002,0.14887972934255966,19.660193881797564,0.9151544305719814,0.4034953529889564,0.5977739178852324,0.7940272751931464,0.935015401067091,9.433548930079713,21.935129329414956,23,115,5.947826086956522,1.2831121586183347,1.4260869565217391,0.8590168754874581,5.521739130434782,1.6455566225495801,0.2608695652173913,0.23478260869565218,0.48148148148148145,1.7407407407407407,2.6991150442477876,1.0492256637168142,0.017391304347826087,2.4695652173913043,175.37270369660257,399.99166824638337,0.07594508297754789,1.3817233462054457,-0.6349868854846817,2.1431252236944713,0.761166779138341,-0.5193089227497121,-0.8101640910245237
ds004796/sub-38/func/sub-38_task-sternberg_dir-PA_bold.nii.gz,sub-38,sternberg,PA,0.800000011920929,515,24,141,15.651143478260872,0.14806283225046973,20.533980276544124,0.793712393716519,0.608884651588138,0.7559835676799581,0.7480449034968581,0.8529682083551984,8.218157934333753,24.079067634810865,23,120,6.141666666666667,1.2521969489180014,1.3166666666666667,0.6857901451969834,5.825,1.5210704987556867,0.20833333333333334,0.24166666666666667,0.5172413793103449,1.6551724137931034,2.6016949152542375,0.965572033898305,0.016666666666666666,2.7,160.18478941089597,399.0543702608356,2.0145170285405576,-0.6812079991927876,1.6989173103797621,-0.3643591915820936,1.2211647678550508,-0.896185889806894,-1.0220536915989025
ds004796/sub-39/func/sub-39_task-sternberg_dir-PA_bold.nii.gz,sub-39,sternberg,PA,0.800000011920929,515,24,110,15.645339130434783,0.1456655693272271,16.01941723702024,0.904666668209697,0.42653427013325884,0.47994916382094993,0.7839441783898565,0.8863613254426754,8.021197140164599,18.27159760563103,23,100,5.99,1.3218826488662818,1.27,0.6005889365506749,5.72,1.6272924777312796,0.19,0.25,0.56,1.92,3.061224489795918,1.3673469387755102,0.02,2.55,172.23658680420903,391.4901396110033,1.1938740428543475,-0.10038245081506128,1.0056773475306413,0.4303481432474793,1.1449644743218412,0.7772821937080918,0.049347536735318095
ds004796/sub-40/func/sub-40_task-sternberg_dir-PA_bold.nii.gz,sub-40,sternberg,PA,0.800000011920929,515,24,102,15.627839130434785,0.1278848173092022,14.854368710691492,0.8980729722259279,0.44027414960335465,0.7605013682691464,0.9188321903937017,0.8350924998658816,9.363955036734989,19.28198167229238,23,89,5.764044943820225,1.2704908849992549,1.3707865168539326,0.7289784644516741,5.393258426966292,1.6139869995539975,0.23595505617977527,0.19101123595505617,0.5294117647058824,1.9411764705882353,2.839080459770115,1.4525862068965518,0.02247191011235955,2.292134831460674,155.28193131561915,395.65044305738604,-1.1430008972711703,1.337663309120819,-1.3723588418570027,1.4507901481026046,-0.7253129027071319,0.0755416152809513,-0.10395449734227485
ds004796/sub-41/func/sub-41_task-sternberg_dir-PA_bold.nii.gz,sub-41,sternberg,PA,0.800000011920929,515,24,126,15.628560869565218,0.12889634741911749,18.349514289677728,0.7618904218801571,0.6483356972876264,0.8181926162093467,0.8824757293727935,0.8817366452844863,6.2977468701388375,24.42873131181593,23,108,5.953703703703703,1.1388160704122263,1.3148148148148149,0.6361118479819063,5.638888888888889,1.4238183054653402,0.2222222222222222,0.16666666666666666,0.7777777777777778,2.0555555555555554,3.1809523809523808,1.2815476190476192,0.027777777777777776,2.4537037037037037,190.81103475420846,395.3540993975793,0.09292945980421478,-0.2698767101974509,0.18152786289154194,0.28422688161370696,-2.3123884936458223,1.618020696510408,0.9903213220677819
ds004796/sub-42/func/sub-42_task-sternberg_dir-PA_bold.nii.gz,sub-42,sternberg,PA,0.800000011920929,515,24,137,15.647517391304348,0.13559045951453008,19.95145601337975,0.8912240225603363,0.4540043753710135,0.5616683923873542,0.7962969364397227,0.8397820677308347,7.8708620495728745,22.842431978684978,23,119,5.991596638655462,1.2655527252262502,1.3109243697478992,0.7892057706763673,5.680672268907563,1.6047217041014619,0.20168067226890757,0.20168067226890757,0.375,1.6666666666666667,2.5811965811965814,1.0053418803418803,0.01680672268907563,2.5546218487394956,176.73222723347575,397.39541542670406,0.7584282549586863,-0.34564360399241606,0.7380512848798887,-0.27518619071819644,-1.3789054833978054,-1.341573462804905,-1.578850602273403
ds004796/sub-43/func/sub-43_task-sternberg_dir-PA_bold.nii.gz,sub-43,sternberg,PA,0.800000011920929,515,24,150,15.66772608695652,0.14421598330080057,21.84465986866396,0.8330886745270398,0.5536772694326294,0.40136660640453053,0.6578203945300165,0.9332182436731955,7.723103736548332,20.122200619018773,23,130,6.038461538461538,1.1838961178621576,1.3307692307692307,0.8295741088936482,5.707692307692308,1.5574086698926037,0.18461538461538463,0.2153846153846154,0.5,1.6071428571428572,2.2598425196850394,0.8006889763779528,0.023076923076923078,2.6076923076923078,181.14965264500543,397.53259777986455,0.9429352769452141,-0.3361464852062238,0.8214163317996055,-1.0418492585245474,-1.3566705249859359,-2.106836507657627,-2.4136262008569416
ds004796/sub-44/func/sub-44_task-sternberg_dir-PA_bold.nii.gz,sub-44,sternberg,PA,0.800000011920929,515,24,112,15.648965217391307,0.12827514345750132,16.310679368602425,0.885268773236004,0.46553196795579316,0.7480491011767006,0.8943155080773454,0.830814950329306,7.473317536129815,23.96233244082373,23,98,5.948979591836735,1.2215627052583842,1.2551020408163265,0.722413259371241,5.6938775510204085,1.4388437745398508,0.16326530612244897,0.25510204081632654,0.52,1.68,2.263157894736842,1.0473684210526315,0.030612244897959183,2.6020408163265305,197.6544246250123,398.90178991295875,0.22448731034788685,-0.8378030234787186,0.6021770230722272,-1.084198371612192,1.131278282665998,-2.033430164006922,-2.108932465375595
ds004796/sub-45/func/sub-45_task-sternberg_dir-PA_bold.nii.gz,sub-45,sternberg,PA,0.800000011920929,515,24,121,15.624213043478264,0.13306517397728546,17.62135896072226,0.899811757910295,0.4367025395572834,0.6504779565932818,0.8740121042544889,0.8724999179324655,8.058231126515441,17.847423702404033,23,106,5.867924528301887,1.2426965434134274,1.349056603773585,0.7437671528898541,5.518867924528302,1.581025177206665,0.2169811320754717,0.22641509433962265,0.5833333333333334,1.8333333333333333,2.5825242718446604,1.0867718446601942,0.02830188679245283,2.3773584905660377,208.9396416570787,399.56788963858924,-0.946136327612759,0.08999270310549827,-0.8057604613506996,0.37454139747105714,0.5850270789774653,-1.0216283140622955,-1.6022530346724202
ds004796/sub-46/func/sub-46_task-sternberg_dir-PA_bold.nii.gz,sub-46,sternberg,PA,0.800000011920929,515,24,160,15.615652173913045,0.13989589000139754,23.30097052657489,0.8992839074835108,0.4377905993829105,0.6784087933334285,0.5504069650133983,0.8580656839143365,8.8169853924671,22.096860387875903,23,135,6.140740740740741,1.1405874564082603,1.2518518518518518,0.7503085784948503,5.888888888888889,1.3695334572573477,0.15555555555555556,0.21481481481481482,0.3103448275862069,1.4827586206896552,2.5413533834586466,0.8468045112781954,0.014814814814814815,2.7777777777777777,188.44999922488373,398.88472016824073,2.397893041053855,-2.6808232306570874,3.487359262165287,-3.6932519822231646,0.1269828210235594,-2.177350297931368,-2.446746958569904
ds004796/sub-47/func/sub-47_task-sternberg_dir-PA_bold.nii.gz,sub-47,sternberg,PA,0.800000011920929,515,24,143,15.616330434782608,0.1358782947057339,20.825242408126307,0.8374003104258543,0.5471215270919442,0.793572973349727,0.6150855335432781,0.9355078925747751,7.806404918147303,20.25671180345768,23,123,5.869918699186992,1.2278152634679418,1.3170731707317074,0.6691941957693144,5.5528455284552845,1.4777211744390684,0.22764227642276422,0.24390243902439024,0.5333333333333333,1.7,3.0416666666666665,1.125,0.024390243902439025,2.4390243902439024,166.09349460466987,399.45464668111737,-1.6252197694449544,0.1671209841822484,-1.2617046785263726,1.3653080044452575,0.821765163200702,0.5781396637703755,0.4825706651618443
ds004796/sub-48/func/sub-48_task-sternberg_dir-PA_bold.nii.gz,sub-48,sternberg,PA,0.800000011920929,515,24,111,15.673621739130436,0.13254582429127076,16.165048302811332,0.8421940870281234,0.5396987128276989,0.6005549237271487,0.7812913266753635,0.8290646443631023,7.306156242479127,18.913390612673666,23,98,5.918367346938775,1.2736300049222495,1.2959183673469388,0.7351160042191724,5.622448979591836,1.6341415737129672,0.1836734693877551,0.2653061224489796,0.5,1.6923076923076923,2.5473684210526315,1.119078947368421,0.030612244897959183,2.4591836734693877,165.8799160636521,398.83029316018786,0.41307536678393,-0.05906433390404554,0.32994874330829116,-0.159479330929699,1.8238646292555254,-0.40300939612655595,-1.718003021093076
ds004796/sub-49/func/sub-49_task-sternberg_dir-PA_bold.nii.gz,sub-49,sternberg,PA,0.800000011920929,515,24,146,15.676526086956521,0.14229516783611426,21.262135605499587,0.9110914075817561,0.4126051564426319,0.7294636624231805,0.701583504544392,0.8774475386559658,9.322501969072384,17.423058825723118,23,125,5.928,1.232464093568443,1.344,0.7195876955680267,5.584,1.607362094621435,0.232,0.216,0.4074074074074074,1.5555555555555556,2.83739837398374,0.9862804878048781,0.016,2.464,169.42505350181705,397.1372886569765,-0.5737644001787505,0.0863078669920949,-0.48692365717921055,0.49935607088193856,0.24279558913002885,0.1553500142428049,-0.3900162396686283
ds004796/sub-53/func/sub-53_task-sternberg_dir-PA_bold.nii.gz,sub-53,sternberg,PA,0.800000011920929,515,24,128,15.664195652173916,0.15271484482091116,18.64077642125991,0.8722947912326214,0.489455794296486,0.7956753874632321,0.8436917688175678,0.7808579442795733,7.137597583166034,21.334254812031666,23,110,6.0,1.2488526844760097,1.3,0.697965588910193,5.7,1.5886639704510122,0.2,0.17272727272727273,0.47368421052631576,1.7894736842105263,2.7981651376146788,1.110091743119266,0.00909090909090909,2.6636363636363636,154.44945283311313,396.4074872119948,0.7783004698665171,-0.3132292925428505,0.7117373140656299,-0.27903708172203534,-1.1854565300237214,0.08653862967602008,-0.3646819346445728
ds004796/sub-54/func/sub-54_task-sternberg_dir-PA_bold.nii.gz,sub-54,sternberg,PA,0.800000011920929,515,24,109,15.616326086956521,0.12186303786586652,15.873786171229144,0.8619765410497998,0.5074410651244975,0.594106384338984,0.7727201919317261,0.8204170542712758,7.660342786136532,21.070166197475857,23,89,5.966292134831461,1.1525607674992002,1.2921348314606742,0.7261706409623774,5.674157303370786,1.483050303343481,0.16853932584269662,0.20224719101123595,0.6111111111111112,1.8333333333333333,2.4367816091954024,1.2377873563218391,0.02247191011235955,2.6292134831460676,164.50658533571053,386.57221222593614,0.4163642121640005,-0.4327309663359379,0.5862584885273806,-1.1714420131115595,-1.1136667918235992,-0.9666857017070385,-0.642461611726747
ds004796/sub-55/func/sub-55_task-sternberg_dir-PA_bold.nii.gz,sub-55,sternberg,PA,0.800000011920929,515,24,79,15.618552173913043,0.13319814687369694,11.504854197496352,0.8255795502036223,0.5648343975022354,0.5180745129154287,0.8916693098879479,0.8590877234432978,7.301963202281596,19.59071916713865,23,68,5.647058823529412,1.2785802046691204,1.1764705882352942,0.5970368740478121,5.470588235294118,1.500950825363054,0.11764705882352941,0.22058823529411764,0.5333333333333333,1.8666666666666667,2.1363636363636362,1.4043560606060606,0.029411764705882353,2.3970588235294117,185.4166505004987,394.0744468607582,-2.1234439185683045,-0.1792362134993547,-1.5099295627611242,-0.22003057235002008,-0.6262293666520035,-1.5089655976251144,-1.6204873994743392
ds004796/sub-56/func/sub-56_task-sternberg_dir-PA_bold.nii.gz,sub-56,sternberg,PA,0.800000011920929,515,24,103,15.64886956521739,0.1436012801509242,14.999999776482586,0.8639716373595382,0.5040300606880196,0.828984954279161,0.9051156167964575,0.8900702053206544,7.15988191672594,22.468341484769326,23,91,5.824175824175824,1.3382692520433215,1.2857142857142858,0.6546536707079772,5.538461538461538,1.5513985970206388,0.1978021978021978,0.21978021978021978,0.6,1.85,2.8,1.3722222222222222,0.01098901098901099,2.4615384615384617,173.75774210609563,397.9524076034904,-0.8290808901705942,0.2064415179241928,-0.8316806899396209,1.0449803364108956,0.1505107376584311,-0.14210942936414298,-0.6254598834823225
ds004796/sub-57/func/sub-57_task-sternberg_dir-PA_bold.nii.gz,sub-57,sternberg,PA,0.800000011920929,515,24,170,15.651143478260868,0.13506067434934513,24.757281184485823,0.9237305530332329,0.3834153302899988,0.5512365853577003,0.6054465579712002,0.7816807747899233,12.55658495584614,17.70724630251408,23,145,6.027586206896552,1.2469118942534196,1.3241379310344827,0.6859984473246282,5.703448275862069,1.5860684180765734,0.21379310344827587,0.1793103448275862,0.4230769230769231,1.6153846153846154,3.1267605633802815,0.9938380281690141,0.020689655172413793,2.5724137931034483,182.59283916221509,397.1844065467583,-0.6596020020641734,-1.158187944894859,0.3708423054114375,-0.6798070548562822,-0.8156926731655231,0.1811598524157074,0.33282010175922827
ds004796/sub-59/func/sub-59_task-sternberg_dir-PA_bold.nii.gz,sub-59,sternberg,PA,0.800000011920929,515,24,145,15.62431304347826,0.1274957617433298,21.116504539708494,0.8512562770179283,0.52526038739566,0.7358340385397523,0.7207535763647264,0.7941853745736699,6.995405726231832,26.86157267110922,23,121,6.024793388429752,1.1864710273001149,1.3305785123966942,0.7570604307898866,5.694214876033058,1.5429569836659498,0.2066115702479339,0.2396694214876033,0.4482758620689655,1.6206896551724137,3.016949152542373,1.1318855932203389,0.024793388429752067,2.5867768595041323,169.6877802862559,396.0264454106691,0.9788167717967616,0.10347682120637837,0.5420872553625522,0.2682171038719233,0.8429980043536156,0.1540236896625853,0.27729822439805457
ds004796/sub-62/func/sub-62_task-sternberg_dir-PA_bold.nii.gz,sub-62,sternberg,PA,0.800000011920929,515,24,102,15.655495652173915,0.12943616335121433,14.854368710691492,0.950466912471859,0.3111279640062391,0.3773321481204217,0.8615544037721499,0.9347749322031459,7.1088693453168545,18.928209382903063,23,86,5.895348837209302,1.354982698109132,1.3488372093023255,0.8645630227150812,5.546511627906977,1.766731623443404,0.19767441860465115,0.19767441860465115,0.7058823529411765,2.1176470588235294,2.4285714285714284,1.3199404761904763,0.023255813953488372,2.5232558139534884,170.13663690420321,396.7101982331833,0.3966860622823921,1.2662525735972543,-0.19344617071127151,0.4703644674799272,-1.84581809200758,-0.7571535350706863,-0.5344162551271606
ds004796/sub-63/func/sub-63_task-sternberg_dir-PA_bold.nii.gz,sub-63,sternberg,PA,0.800000011920929,515,24,128,15.689573913043478,0.13639769264151935,18.64077642125991,0.89986042886191,0.4366020456468615,0.6123205517692847,0.7691104022017328,0.77683867262722,7.727452739789917,19.308839151183314,23,111,5.756756756756757,1.1458717698861913,1.4054054054054055,0.7553250760539932,5.351351351351352,1.4872100093105922,0.27927927927927926,0.1891891891891892,0.38095238095238093,1.5714285714285714,3.1,1.24375,0.009009009009009009,2.2612612612612613,183.0548447800047,399.8280003864355,-1.8222273991443372,1.4206350072578227,-2.079393453903646,2.308394499539228,-0.4298348452508474,1.107089447769009,0.6333192836203049
ds004796/sub-64/func/sub-64_task-sternberg_dir-PA_bold.nii.gz,sub-64,sternberg,PA,0.800000011920929,515,24,92,15.668547826086956,0.14285459727341032,13.398058052780563,0.8219003025236379,0.5701852115970167,0.7096421015514914,0.9109774930127504,0.8325276674210619,6.682376398461051,23.253055377176203,23,76,5.921052631578948,1.2084497826525447,1.263157894736842,0.8849620866098399,5.657894736842105,1.4837127446955258,0.13157894736842105,0.21052631578947367,0.6875,2.3125,2.138888888888889,1.2300347222222223,0.05263157894736842,2.6578947368421053,166.4374584189542,398.7319761505288,0.4065845464676591,0.14278940199119425,0.2257268739609966,-0.8109138518332806,-0.29821174335812006,-1.5432794009696449,-1.4031453103574623
ds004796/sub-65/func/sub-65_task-sternberg_dir-PA_bold.nii.gz,sub-65,sternberg,PA,0.800000011920929,515,24,116,15.666995652173915,0.12853784858046013,16.893203631766795,0.8462768252010281,0.5332613844673658,0.7978502921934377,0.8544578127442238,0.9011589764404296,6.850258623226738,17.30133653150792,23,102,6.068627450980392,1.2207756333420794,1.3725490196078431,0.8550556536510434,5.696078431372549,1.5719648780892117,0.21568627450980393,0.21568627450980393,0.5454545454545454,1.7727272727272727,2.202020202020202,0.9324494949494949,0.029411764705882353,2.588235294117647,191.6992762120613,394.774290022994,1.7214089332070452,0.9157041960880459,1.2681300879453832,0.7630043073513453,-0.2598170580098106,-2.264131563032549,-2.689897896102487
ds004796/sub-66/func/sub-66_task-sternberg_dir-PA_bold.nii.gz,sub-66,sternberg,PA,0.800000011920929,515,24,127,15.658247826086956,0.13855407230580782,18.49514535546882,0.8912122366972399,0.45402755635205316,0.6073232943035107,0.78154540963971,0.81143266867077,10.28750687719532,17.08886781278165,23,107,5.878504672897196,1.2642417398839316,1.485981308411215,0.9552682719244063,5.392523364485982,1.7844031259663231,0.2616822429906542,0.19626168224299065,0.6190476190476191,1.9523809523809523,2.9423076923076925,1.2890625,0.028037383177570093,2.2990654205607477,182.32229932808394,399.0159712152772,-0.9599819037109789,1.9366587181196637,-2.0991791727726614,1.3515742743893917,-0.8260395886932481,0.08083346149556471,0.60511924022206
ds004796/sub-67/func/sub-67_task-sternberg_dir-PA_bold.nii.gz,sub-67,sternberg,PA,0.800000011920929,515,24,153,15.642434782608696,0.13313632439675951,22.28155306603724,0.8821634995815357,0.47140115858296433,0.5946079194707783,0.6498008339460785,0.9315600510316292,10.210654264253986,18.547021967582268,23,130,5.923076923076923,1.104012306240988,1.3153846153846154,0.7779381951160346,5.607692307692307,1.4493845464562747,0.17692307692307693,0.2230769230769231,0.41379310344827586,1.5172413793103448,3.21875,1.12646484375,0.015384615384615385,2.5307692307692307,172.70539845858096,394.63123574711847,-0.25112704720668894,-0.7113519399587594,0.11424072618280931,-1.073534020115755,-0.3707545139591385,0.9293650000760423,0.9365345631541876
ds004796/sub-68/func/sub-68_task-sternberg_dir-PA_bold.nii.gz,sub-68,sternberg,PA,0.800000011920929,515,24,110,15.669900000000002,0.12504869341890026,16.01941723702024,0.9028021382235648,0.4304742964891744,0.7071187138882092,0.9398045356293125,0.8537339279547321,7.366362203568806,20.060803745659154,23,93,5.860215053763441,1.2734017932931558,1.3440860215053763,0.7731165564849672,5.516129032258065,1.619265152883745,0.20430107526881722,0.22580645161290322,0.6190476190476191,1.8095238095238095,2.4945054945054945,1.2266483516483517,0.021505376344086023,2.4301075268817205,157.82658820716503,398.76197751181553,-0.7732869605357254,0.23578176584045615,-0.7007856201992864,-0.017849893289257953,0.37577579515789894,-1.0802324938047496,-1.077655222057899
ds004796/sub-70/func/sub-70_task-sternberg_dir-PA_bold.nii.gz,sub-70,sternberg,PA,0.800000011920929,515,24,106,15.640265217391303,0.1487204033103297,15.436892973855866,0.8540137075834053,0.5207563376466604,0.7553402181965043,0.8911539180434522,0.8787604681507063,6.182167882623096,23.64532950596646,23,92,5.728260869565218,1.1869552966536612,1.3804347826086956,0.7822535957141038,5.3478260869565215,1.5649652076931342,0.22826086956521738,0.21739130434782608,0.45,1.7,2.8777777777777778,1.4104166666666667,0.021739130434782608,2.3260869565217392,193.37994163239597,398.8994429706595,-2.3507689285251483,1.5600836664500153,-2.30462599179567,1.5094820082938356,-0.00797331638776141,0.40278572918470706,0.07537521346797604
ds004796/sub-72/func/sub-72_task-sternberg_dir-PA_bold.nii.gz,sub-72,sternberg,PA,0.800000011920929,515,24,120,15.63581304347826,0.13302116450298432,17.47572789493117,0.8460600406588338,0.533605931830106,0.6850308507182861,0.9027127347519435,0.7717857813543474,7.373520536511034,22.94976874088634,23,103,5.834951456310679,1.1470087899781214,1.3300970873786409,0.7969100807218711,5.504854368932039,1.4408180302282192,0.20388349514563106,0.22330097087378642,0.4782608695652174,1.6521739130434783,2.4653465346534653,1.063118811881188,0.019417475728155338,2.4854368932038833,177.4523890306224,394.9023775594791,-1.1022387930066997,-0.027217695094533787,-0.6025869177915688,-0.173572168516001,-0.022932150769191154,-1.7156343353011234,-1.8743662111661665
ds004796/sub-73/func/sub-73_task-sternberg_dir-PA_bold.nii.gz,sub-73,sternberg,PA,0.800000011920929,515,24,99,15.650417391304346,0.13240288677839512,14.417475513318214,0.901500404898678,0.43319904248957203,0.6934953841448,0.9341439539484353,0.772852945599148,7.697600425030922,19.208317391991002,23,76,5.828947368421052,1.3103501607813268,1.2763157894736843,0.6449534186906073,5.552631578947368,1.5611511721983045,0.19736842105263158,0.2631578947368421,0.6,1.9,2.472972972972973,1.4856418918918919,0.02631578947368421,2.4210526315789473,160.40610914856958,395.11812536916125,-0.8984798469584858,-0.16043379206350697,-0.6933461529963525,0.3648640908267207,0.8774713899262743,-0.7636264298194654,0.4224915889280986
ds004796/sub-74/func/sub-74_task-sternberg_dir-PA_bold.nii.gz,sub-74,sternberg,PA,0.800000011920929,515,24,118,15.646065217391303,0.14237820448932,17.18446576334898,0.8814209221699192,0.47279086095185613,0.738632932709577,0.8069149213458956,0.9358435587527081,8.255956590587001,18.9139282743687,23,101,6.01980198019802,1.3414931831343908,1.2475247524752475,0.6229918232859786,5.772277227722772,1.5867021656178066,0.15841584158415842,0.297029702970297,0.6,1.8666666666666667,2.683673469387755,1.188137755102041,0.0297029702970297,2.6435643564356437,165.4849727622983,398.91552653314704,0.6639653284663918,-0.7396393418746467,0.8021786045108205,-0.6482868949965411,3.9253329540037707,-0.4230495054042623,-0.5563542910662582
ds004796/sub-75/func/sub-75_task-sternberg_dir-PA_bold.nii.gz,sub-75,sternberg,PA,0.800000011920929,515,24,146,15.658252173913043,0.12886840562787055,21.262135605499587,0.9121704378827847,0.410209498154438,0.6234160449766155,0.6798079571037148,0.9263860173721815,9.346663061249698,17.770068315969016,23,127,5.960629921259843,1.177848285721458,1.5669291338582678,1.0953766561085994,5.393700787401575,1.7189766257631345,0.28346456692913385,0.2204724409448819,0.5357142857142857,1.75,2.725806451612903,0.9682459677419355,0.023622047244094488,2.3307086614173227,180.03651427193202,398.8479395044839,0.3368827481461865,3.1589561950436797,-1.763363330107581,2.4866371288896087,0.5268525079652165,-1.6866860694939498,-1.97117522916997
ds004796/sub-76/func/sub-76_task-sternberg_dir-PA_bold.nii.gz,sub-76,sternberg,PA,0.800000011920929,515,24,143,15.642439130434783,0.13688026584620328,20.825242408126307,0.929350439318937,0.3695577761907228,0.5521361048450008,0.5910612050245714,0.7074299037533517,10.677497924089579,16.81756918809368,23,123,6.097560975609756,1.289393262742441,1.2845528455284554,0.7522678848290116,5.813008130081301,1.585537057980179,0.16260162601626016,0.2032520325203252,0.44,1.72,2.9008264462809916,1.0144628099173554,0.016260162601626018,2.6341463414634148,179.38789408347625,389.5244752594106,1.1740267239631401,-1.0606397329505493,1.4190304137586593,-1.5308212800688812,-0.9918807096170518,-0.16844666440754105,-0.7067117624208842
ds004796/sub-78/func/sub-78_task-sternberg_dir-PA_bold.nii.gz,sub-78,sternberg,PA,0.800000011920929,515,24,95,15.65844347826087,0.13633276773492714,13.834951250153841,0.9376373872790073,0.3479528979850428,0.47915705135749775,0.7570986678350521,0.8919561786178181,7.7340796590546415,16.49898477562946,23,78,5.846153846153846,1.2282066228821225,1.1923076923076923,0.48504096246063105,5.653846153846154,1.4399397811806482,0.15384615384615385,0.24358974358974358,0.47368421052631576,1.9473684210526316,2.7066666666666666,1.56,0.038461538461538464,2.4871794871794872,168.16748396236957,399.5467571126132,-0.4628373783509141,-1.3123931368128618,0.46762765375585386,-0.3747164136339433,0.37023112132613956,-0.12832131139437375,0.03281601387732563
ds004796/sub-79/func/sub-79_task-sternberg_dir-PA_bold.nii.gz,sub-79,sternberg,PA,0.800000011920929,515,24,122,15.640843478260871,0.13499025924128621,17.766990026513355,0.8877795974436099,0.46071633326291567,0.714852357119559,0.8189388707881523,0.8976553991990536,9.748725110276208,16.726507661659475,23,103,5.805825242718447,1.163650884468871,1.3592233009708738,0.8728404042071195,5.446601941747573,1.4998572176475753,0.1941747572815534,0.24271844660194175,0.48,1.72,2.44,1.0575,0.02912621359223301,2.3883495145631066,184.2552825239503,399.06503513350344,-1.32069182008296,0.5461946687320332,-1.174354660992095,-0.07379276472146197,1.543312851827233,-1.637351397455514,-1.9009577414275403
ds004796/sub-80/func/sub-80_task-sternberg_dir-PA_bold.nii.gz,sub-80,sternberg,PA,0.800000011920929,515,24,111,15.699630434782609,0.13531029850146992,16.165048302811332,0.879445069241969,0.47646319806010246,0.8504113493637536,0.8321729823074954,0.9471786942007834,7.325929836855753,21.105068549271348,23,98,6.030612244897959,1.2222514431834313,1.2959183673469388,0.7490087425125248,5.73469387755102,1.589599057327008,0.17346938775510204,0.23469387755102042,0.43478260869565216,1.6521739130434783,2.7872340425531914,1.324468085106383,0.04081632653061224,2.5918367346938775,179.05768276862653,394.06424415545587,1.461352242667293,-0.15098014725951184,1.0767190533563007,-0.4617143540759615,0.8903253892438197,0.12897613042492098,0.15726167218146495
