subject,task,surz_mean_H,surz_mean_D,surz_mean_lambda,surz_multilevel,surz_pivot_rate,surz_tree_span_events,surz_tree_span_time
sub-01,msit,0.9078640277403391,0.44413501123877486,0.3833572264282179,-0.5341115708432751,0.4703316855360931,0.079944438405879,-0.6795673011291669
sub-01,sternberg,0.9671173270567699,-0.09989431177569956,0.8153058502722058,-0.5546257937667055,0.19987862929938285,-0.3752190917433176,-0.36340912564071487
sub-02,msit,1.0700437050125022,-0.7382972305526837,1.5348643047135386,-1.3097618295074684,0.9568274979534896,0.6532671530333523,0.7185395825946046
sub-02,sternberg,0.44717162981100833,-0.08718706144963184,0.27376018677785235,-0.31327252627758756,0.006260727356572016,1.3262858208465327,0.6362011301138223
sub-03,msit,1.1066887586140555,-0.5610617001071738,1.207807155678318,-0.2890636018929801,0.44732921157128835,-0.13676831286677543,0.20527213923353282
sub-03,sternberg,0.1339441819372739,-1.1447212315838002,0.7008191772009796,-0.6466514937873302,0.7904162590799062,0.2963717450028878,-0.007329246389002869
sub-04,msit,-0.7789076556960912,-0.4749835627381619,-0.4244952119495474,-0.2139970749109875,-0.6826307589569398,0.47649061463460574,0.15982217391320894
sub-04,sternberg,0.021352674141825956,1.1244963090198703,-0.47371553885926354,0.7920831814590151,-1.3982168138025175,1.009220651129874,0.8269959092049042
sub-05,msit,1.2146705584077175,0.29619217023847455,0.9989423141551776,-0.38154022337626736,-0.1172393786877009,0.718269259093708,0.9079964426465796
sub-05,sternberg,-1.1249630995963207,-0.4027724902760933,-0.49248820928628345,-0.2311418835127197,-0.26265559849850695,0.01587346206394865,-0.3548037765753255
sub-07,msit,1.6209852977047015,1.2460566090416565,0.4027432506874993,0.6674273942672675,-0.69669243606438,-1.68046585570311,-1.7192764517862393
sub-07,sternberg,2.7428599315979185,-0.9374061871185031,2.2179528860050213,-0.6990328820648134,0.09504410408203856,0.09849376949385277,-0.37458753366838166
sub-08,msit,-0.5816838338644316,-0.2817837517466819,-0.40259606554291355,-1.2962208036945488,0.6929255528114464,-1.1037338986017697,-1.5277562131601488
sub-08,sternberg,0.14753076463322,-1.006113452474771,0.8581168981763354,-1.3330091033506797,-0.1486330282754047,-0.40847373056393044,-0.5006829665751075
sub-09,msit,-0.9687454646878336,-1.0109516819621855,-0.23902353784537472,-0.31057619037251605,0.27535725383433196,1.2806189381880104,1.4518991180669611
sub-09,sternberg,1.9540863664087373,-0.36470460498728424,1.6110897237047033,-0.4762366550675502,-0.43396679529246746,-0.7466332034713574,-0.9513805053656901
sub-10,msit,-0.0145485668467078,0.22144859036528447,-0.17317926414528695,0.6150779966388852,0.01474425227587739,-0.5799890866040702,-0.6203951812792494
sub-10,sternberg,0.2124318571598951,-0.0893004572668212,0.19169951662521223,-0.4228529874119049,-0.44962071378312024,0.4417400757035723,0.03229930197524644
sub-11,msit,0.18406756224021298,-0.6769993994122121,0.4653973582576649,-0.5095437162713118,1.1029426368027235,0.5073641362226451,0.49296040401971186
sub-11,sternberg,0.6124056358357343,0.8570061817420096,-0.116550076530108,0.7277857752441135,0.9166493366468282,-1.2155227639545685,-1.4085824152880198
sub-12,msit,0.1299978511130897,-1.0428515612325069,0.6450337248397382,-0.5482577267616637,1.1910317420050691,-1.0534908227925082,-0.7431414746262834
sub-12,sternberg,-1.1943044063430377,0.5840445041749694,-1.1110503752702128,0.6028968017359788,0.6288960556953893,-0.1626775971764171,-0.15458368532921116
sub-13,msit,0.808538873679185,-1.0631484758049043,1.7177515597218533,-1.0113888055492475,1.2395201766710935,-1.2647113730130983,-1.3066828641687307
sub-13,sternberg,0.1459722412697717,0.6628150976203131,-0.15655260432665924,0.35250724489568636,0.4745349181963022,-0.2962614361715705,-0.18448778377039593
sub-14,msit,0.3602426835025285,-0.10081662255160284,0.48915865021842697,-0.09394695587217222,-0.027138111840166353,-0.7462206394855522,-0.24025654126799806
sub-14,sternberg,-0.023789731945754566,0.6481862720402272,-0.2048933065616404,0.27467288168398596,-2.080629947692838,-0.5773523886115618,0.213098366396919
sub-15,msit,-0.4100558178022692,-0.8261183305727144,0.014313057141743912,-0.03423288701223909,1.868492189131096,-0.8144626720199342,-0.9464417110265797
sub-15,sternberg,-0.5508298969753592,0.38983112984326224,-0.6738606448104332,0.03112059321100502,-0.4845323698927247,-0.41638594356192404,-0.8999842024556711
sub-16,msit,0.37245180795401966,-0.5605424838046027,0.654674935133622,-1.0047880232319657,-0.6431201951294074,-0.698565736578349,-1.3237528344506102
sub-16,sternberg,1.5195428237350037,-0.0635692298652536,1.0950361455561768,-0.35744705232990454,0.3859876835656101,0.11620053001019355,0.0312076082016865
sub-17,msit,-0.4974563820701856,0.011455545631891995,0.011072109342941172,-0.23787266109059246,1.6088864982396962,-0.4205981412318461,-0.4895727239661686
sub-17,sternberg,0.505370519189263,0.1908293166152702,0.296599987960923,0.37767678367465957,0.6531549147072762,0.3604490903573625,-0.055971399941507016
sub-18,msit,-0.372566590749263,-0.9090248969670761,0.22096078061225116,-0.1884740596447455,1.7827015871021232,0.06462104539126401,-0.5191831784213361
sub-18,sternberg,0.6506997784137256,0.1543976141989118,0.4239137395744079,-0.21866086108633512,0.5984730494240136,-0.5397101233067868,-0.3900500536619032
sub-19,msit,0.5568509383290589,-1.3227419436637031,1.2201765276659324,-1.618049305203031,-0.5680144093302408,0.6553255746339458,-0.33305273248327116
sub-19,sternberg,-0.19505860546503068,0.8449472565932036,-0.5757055079613644,1.1234086262198233,0.27857775849103206,-0.32892165435435244,-0.6190018925355667
sub-20,msit,2.6325396911371017,-0.027573192657975545,2.2663130358817867,-0.046488637736377486,0.5087605424683406,2.3839462258897077,2.979979240089921
sub-20,sternberg,0.43469399338080533,1.0600494751604048,-0.18340874546115055,1.1886367657415553,-0.6041245572080652,-0.23305832196093068,-0.45053749393758363
sub-21,msit,0.6956874157400894,-0.90437140094041,1.0983973908809923,-0.13043295413960387,-0.1127752865264732,-1.0560098098190434,-1.361536183657031
sub-21,sternberg,-0.20851522598665134,-0.47592825705031705,0.13326620724643146,0.16428649473233833,-0.6024353608851885,0.6138159014174704,0.42127263363573236
sub-23,msit,0.8938851563053837,1.6406875881864305,-0.07440564414822237,1.6652940768034465,0.06069606464026678,0.2805954499883936,-0.3388195940867604
sub-23,sternberg,0.32029129000397405,-0.9070968220915725,0.6433449694377924,-1.1631610658205704,1.9787070960050028,0.6844023133753743,0.6803965156235832
sub-24,msit,0.11926048515489375,0.04910913315570137,0.11884647217043745,0.07495239641475249,0.3735544049645798,-0.9792324653103008,-1.0376698163208216
sub-24,sternberg,1.1338951818533356,-0.1370874854502117,0.9835309884541987,-0.35071700416062335,-0.29901100479081444,-0.17237081158317036,-0.5475452402172243
sub-25,msit,0.14350378036982497,0.18323063229879832,0.2783547486820163,0.000512435380690901,-0.45813113615015316,-0.23218546882858426,0.07998893010614538
sub-25,sternberg,-0.45679419861261183,-0.10095558910145064,-0.38168301173121016,-0.5963879467194945,0.6222829735160238,-1.7999272660224985,-1.6991946276630951
sub-26,msit,0.3364256157767157,0.5786921342343584,0.09236564928634004,0.05832909734015579,0.34830637287464733,1.1515604429095814,0.9535549435508224
sub-26,sternberg,-2.115921608724411,2.112961490779379,-2.4851954978312913,2.4006662526208955,0.295995764330035,0.5155475183106384,0.2809637671902334
sub-27,msit,0.9506331985397648,0.023887382866829787,0.5555770083900903,-0.330184909367924,-0.6217528726000205,0.936358293051588,0.27543719208023
sub-27,sternberg,0.04830774109528313,1.2048193357863193,-0.5788405184676925,1.0445770938949661,-0.5628309969794044,-0.11260368018527678,-0.6016510559955808
sub-29,msit,-0.17728955646385702,-1.7172053323801935,0.8586368729468556,-1.7854928234263836,0.4428109047179858,0.29632691640633735,0.007123435481997786
sub-29,sternberg,-0.009903674718605537,1.549908236902549,-0.637167400733051,1.415716715893388,0.018604526762867807,0.7144785771459043,0.4608240882348249
sub-31,msit,1.0060911906933754,0.2569484457537106,0.8932840261365247,-0.1615840536007587,2.232992103355311,0.18462822421901465,-0.410008086280667
sub-31,sternberg,0.4970130439677652,0.20416761087466095,0.16945024314440493,0.0760699455042429,0.7848845637448673,0.1830207156515199,0.08844096237172516
sub-32,msit,0.53669329094683,1.2194634578892376,-0.27160278065621907,1.2155595867079818,0.6490767642280937,-0.8895383996529356,-0.48651265256237175
sub-32,sternberg,1.217563764158736,-0.7395379510374335,1.2133671868542923,-0.23050004757651188,-0.0876855202435235,0.11112831195285527,-0.4498606682980367
sub-33,msit,0.12816429206564195,0.689873258762852,-0.3152535707690355,0.8204504328223027,0.6467004527625766,0.9608642195043247,0.9011781965504126
sub-33,sternberg,0.6878692200685468,-2.1032343547009553,1.3664569328889042,-0.614971400259499,-0.028361705025569006,-0.3715713335698807,-0.6129429497150889
sub-34,msit,0.73281424730574,0.9427305118911942,0.09786438222030054,0.6088801933722089,0.702656149334717,-0.4213148102054204,-1.0846807038421227
sub-34,sternberg,-2.182076853133676,0.49034972546003763,-1.4111008052556384,0.8704281692920425,1.1230080831545846,-1.0097511908929608,-0.9802521197855767
sub-35,msit,0.06599206980524355,-0.2041141784853331,0.20664587657665195,-0.6330393947492735,-0.0011909477532301427,0.9194342203554522,-0.0753151774092718
sub-35,sternberg,1.078461257022713,-1.000658054183893,1.3095451796354407,-0.9347471628860003,-0.45280086612661186,0.6537554632058746,0.1022056723889712
sub-36,msit,0.18873946600750868,-0.26554421418956453,0.2803696161064555,-0.4055116204764025,1.5202696647516984,-1.7104417276598685,-1.5061836358796574
sub-36,sternberg,-0.5507961584635716,0.21450044272449104,-0.41467386558607194,0.09880514820346026,1.0238698526739767,-0.18832981205137214,0.03502851807427787
sub-37,msit,1.1105403433974559,-0.1796916127800206,0.7845612282862067,-0.3349029226527833,1.063991365746324,0.06870947343916067,0.08522742484721463
sub-37,sternberg,-0.5439878550021009,1.0449105496904463,-0.9228883651734974,1.4214833418480612,-0.3158375022769597,-0.38774336318523117,-0.8030785917229011
sub-38,msit,2.054342933714671,-1.7506276353929,2.831798371124836,-1.847646930484209,-0.6584403206235089,-1.2133189116215077,-0.9837711610187059
sub-38,sternberg,1.7332592467306196,-0.39699523010816296,1.407924992968682,-0.2941719922350129,0.3123501464286418,-0.527998955391347,-0.5111194623478547
sub-39,msit,1.34481850633849,-0.5058353683075699,1.3647914782939359,-0.5111010591940273,1.1198139505418292,-0.7620955605093782,-0.5932298488076848
sub-39,sternberg,0.8236422136776146,-0.1151685825624139,0.6925533086380555,0.15532586886046895,0.03772596115496085,-0.12406528271544914,-0.49422487500762324
sub-40,msit,-0.22625147073607177,0.616802923539442,-0.696903933163084,1.0652185448680003,0.44785594325033606,-0.05835976175454646,-0.14358749786754949
sub-40,sternberg,-0.7427977930765556,0.42706384962248284,-0.7004302464398406,0.8780487142610464,-0.6422463363294746,-0.7763291044379195,-1.1829802006623393
sub-41,msit,0.6030841801466159,-0.26680357845349817,0.6001834182897772,-0.561108421172614,-0.7783713224620225,0.15517849024663843,0.08676341593590126
sub-41,sternberg,-0.9223981238369601,1.059915610925741,-1.1286302984601124,0.6752210179874414,-0.6243309626475402,0.27262736884133987,-0.22382292142010485
sub-42,msit,-0.21454113217978188,0.9034651459451946,-1.236425535526183,1.173683380312912,-0.8208088143606748,0.4782525162490535,0.802511309047056
sub-42,sternberg,0.10533152668520124,-0.5797909216705994,0.49301068859058716,-0.34351591385711194,-0.4771964562907508,-0.21939908461693036,-0.39571032507969944
sub-43,msit,2.106766336493984,-0.7792686168353258,2.346460155454028,-0.7716875799273529,-0.8166570506606476,-0.5233635902468367,-0.7075598650874658
sub-43,sternberg,2.0054212129610924,-0.6817600991834778,1.8877652796801079,-1.5415431207022188,-0.41694534457166094,-0.9033839430605958,-1.1774553134226806
sub-44,msit,0.9953755526230239,-1.033115811050259,1.794134349307511,-1.26982235456313,0.4667426128753198,-0.1686635642925981,0.3161515615389726
sub-44,sternberg,6.725852770435303e-05,0.3862738615411334,-0.22694493362057655,-0.11268115990657696,0.4561198083750745,-0.26840032160832106,-0.4707018179547142
sub-45,msit,0.12491550591499599,-0.493125647473006,0.3316228744372982,-0.5130985306204493,-0.2083253269825633,-1.6507247038390274,-0.951358258189626
sub-45,sternberg,-0.9615059909774395,-0.5771917145346374,-0.5185000638477757,-0.0001890832071681503,0.47610736360024997,-1.2746219345089294,-1.5549165660117799
sub-46,msit,0.5985184482416226,1.213370129146517,-0.2521588675290122,1.958119639351469,-0.40852623465672455,1.8004193181005206,1.1869971498797542
sub-46,sternberg,-0.033824278193614665,-0.7864714577135654,0.6269118107081018,-0.7585036519498969,0.16310625848415716,-0.6137058971434607,-1.1803002980950845
sub-47,msit,0.07064128943808111,-1.2494927549474566,0.8506137897184385,-0.9079655197771512,1.2248755207000692,0.09005425942106215,0.14340052066245618
sub-47,sternberg,-0.15789056226841225,-0.8030914096897113,0.34362028316206816,0.03205792842604638,0.7166746290340315,-0.9565271368814935,-1.0293484367508192
sub-48,msit,0.3207618295805083,-0.09209117998219613,0.2891970987143656,1.319373352358885,0.5035309036268935,-0.5177794933452159,-0.4896326756316972
sub-48,sternberg,0.7401139302608999,0.20515114056875633,0.36088706879712734,-0.3409245858347955,1.1387858673746938,0.2414471706829651,-0.569100771282826
sub-49,msit,1.5636010915206517,0.8296134983906428,0.8584576847159382,0.8910452034896612,-0.5764914189315604,-1.6245491713870093,-1.7798682562886485
sub-49,sternberg,-0.5787256297260202,-0.09936259034000419,-0.3782258890686073,0.2791946610918417,-0.22733660778025763,-0.5984731196350047,-1.0000170625138358
sub-53,msit,-0.8540187535139941,-0.8541153399574015,-0.2336792555084157,-0.22242589464532636,1.4790885322700162,0.07694375060756481,-0.04736037639932522
sub-53,sternberg,-0.041972602673191695,-0.2861085764614849,0.13330431202504955,0.25083226416532833,0.6893034564643922,-0.32208347532437714,-0.5763490258357173
sub-54,msit,0.3463725801488212,0.32877453261591283,0.21646883802080916,0.27023760353206194,1.2668500012342743,-0.003061402623673992,0.04162172853009538
sub-54,sternberg,-0.06691495712413839,-0.21004953784339994,0.06294648938718439,-0.16852968563453785,-0.682413643155998,0.1655711864370803,0.37067046170311146
sub-55,msit,0.45897821585196924,-0.32260523815886333,0.6320644637739721,0.044166894346671426,0.2980496390055381,1.259723489138979,0.8347314830870454
sub-55,sternberg,-1.46504928761664,0.8064739956682161,-1.4079965128662517,0.15637264262365097,0.9271113095031034,-0.5889523772680534,-0.7571770478673422
sub-56,msit,0.06956272750533421,-0.6166186087049984,0.3776241378767513,-0.15162285342382026,0.53644372218493,-0.6322272451867782,-0.3141125148649559
sub-56,sternberg,0.08036816357338072,-0.3671799902616969,0.14535314156958395,0.04704144702188062,0.0316000986365559,-0.7281404141742098,-1.0936055920250234
sub-57,msit,1.0145543351013804,-0.5941676767581429,1.2748923870811517,-0.6327408701636279,-1.5078602484486479,-0.8380601686380547,-1.4171266861163336
sub-57,sternberg,-0.28468012345708327,0.9579433251637639,-0.4820246443632394,0.6816895125837338,-0.026753835639594548,0.009749917241019604,0.09726890247801806
sub-59,msit,0.9380632250390348,-0.60567860916135,1.258023686578259,-1.219085324708707,0.039786692894467096,-2.6183624783324957,-2.5085913319340616
sub-59,sternberg,0.22164428765733613,0.1309386706205046,-0.04349324895704182,-0.02423773790365724,-0.15082511980786073,-0.9249418632928599,-0.5747026337765542
sub-62,msit,-0.39588983971491154,-0.25745723718298896,-0.11004947645173971,0.6375848501565795,1.386026235856549,0.7827446641280028,-0.0056325089368758074
sub-62,sternberg,0.646657487400892,1.0784541768108313,0.014194057568400656,0.8453718745656301,-0.06903769588283903,0.517804985476279,0.6237966102769557
sub-63,msit,0.23509918250897377,1.4292876812834177,-0.6108924827078691,1.1109808120324742,-0.07417827498666885,-0.6512937283576343,-1.5275917475066403
sub-63,sternberg,-1.135587861545622,1.021653411763616,-1.3439970711630629,1.6297050478724653,0.39641709408022185,0.430159240295965,-0.004971743929574279
sub-64,msit,-0.060744848250060435,0.7974307181840031,-0.38993538895297564,1.2596358407043664,-0.5983254864986902,-0.3705926533669194,-0.6968923258717673
sub-64,sternberg,-0.03776163950015793,0.40646891971327953,-0.18335061763585023,-0.6096757069501468,-0.5556659206597006,-1.565477264138451,-1.4641406331130018
sub-65,msit,1.5528889822719063,0.6756995134918333,0.7203804972310933,0.052934506028402994,0.05761931022985545,-0.07106601824057701,-0.8798624738366316
sub-65,sternberg,0.6078493171261918,1.7360914892503203,-0.16601218292061892,1.4251694867610478,-0.3868614173183647,-1.2356449605543434,-1.6283184595427915
sub-66,msit,-0.5227351102950265,0.3266209985492437,-0.5420570943555474,1.0501776795903401,0.06793494075215639,-0.41883876802976105,-0.5619576334417755
sub-66,sternberg,-0.2748897746078804,1.827639238960312,-1.4820085280573485,1.217341492687524,0.7132015488302752,0.3858150848991946,0.6491966533666407
sub-67,msit,-0.31003167218778793,0.1724370901248738,-0.5431525744163652,0.5432129556855544,-0.4369354325952015,0.23583244834331207,0.1521108023855861
sub-67,sternberg,0.4786801808068304,-0.2974881267395798,0.34965168710237265,-0.5653378574890562,-0.1300670814041331,-0.10701688626162836,-0.01799446709253183
sub-68,msit,0.4796504447212895,0.011998589796772402,0.3191914655228252,-0.014221174428211636,0.8496243614464729,0.677351005599649,-0.2099814708994595
sub-68,sternberg,-0.6741596544021884,-0.5069099771779851,-0.23017069402029544,-0.36892740133113944,0.09753575005920094,-0.4588997226932754,-0.39123534289643513
sub-70,msit,-0.014589045237850595,-1.2422515924572919,0.6580543520359481,-1.4183698959046005,-0.4156937926498655,0.025483322749765447,-0.6240194285746955
sub-70,sternberg,-0.7557398081472131,-0.6183406277279184,-0.1367993506258658,-0.37976435643999107,0.1959503187920573,-0.0398301971331885,-0.38195159560265646
sub-72,msit,0.8863365958642457,1.6997032317185095,-0.10111787213068357,1.5724757386014991,-0.013397922144192526,-0.4653491386848045,-0.9368345824755387
sub-72,sternberg,0.009128273320611058,0.17744418673982074,0.007190026704389507,0.3552355456161887,0.24771403423949112,-0.7931315363574891,-0.894851754900451
sub-73,msit,0.8409535227666853,0.7269057076682849,0.2583673382929641,1.530454953056818,-0.3516684300534463,1.2758374302633295,0.2631712950697806
sub-73,sternberg,-0.7463824287079603,1.5004869854087644,-1.2804746351765282,1.5850643049491744,-0.09862592495949085,0.5247544386381888,1.1361666221513311
sub-74,msit,-0.3792401426705054,0.22552267284641125,-0.47392888562017876,0.42641677040035897,0.1104687004835363,0.4289802640664723,-0.31690790326381635
sub-74,sternberg,0.41571530216816127,-0.8052941209377069,0.6451787018889379,-0.7640538662188526,1.9238841085635006,-0.4755029474302156,-0.6938333444768281
sub-75,msit,0.526005842201201,-0.3163953030208859,0.5241950336553202,-0.5218113974374818,-0.48330244459803295,-1.1852131590344726,-0.9588143974788826
sub-75,sternberg,0.35227440101426644,0.9403399340995099,-0.44121421173451203,0.8290353593460473,-0.10075543307039148,-1.13102867349915,-1.4797914969224757
sub-76,msit,1.0008120560718847,-0.01992544842612795,0.8353148651425029,0.5250455662788972,1.0388176418065929,0.32254827859485347,-0.07267790080191167
sub-76,sternberg,0.6962139824435172,-0.05106092538533513,0.4987986852172843,-0.09850298598994955,-1.0337263635672405,0.4341819530312327,-0.01504227911416417
sub-78,msit,0.6351182549921361,0.0838688434939634,0.38820620692760194,0.468760734229703,0.5811261799383721,0.5651040836641725,-0.5586718946792896
sub-78,sternberg,-0.2767165325378733,-0.4738569460002581,0.11107701550178535,0.45019561171782596,0.778801295805953,-0.6642506339935746,-0.6335160692857148
sub-79,msit,-0.1309610861392132,1.0198495751490202,-0.6158524682657542,1.7093712909231713,-0.06864216875891149,-0.7018404444452164,-0.5705643680545118
sub-79,sternberg,-0.7537056015835469,0.8769962208235563,-0.8890508297096462,1.1106693604408724,1.3945484338731022,-0.5664256851003968,-0.9125277973326094
sub-80,msit,-1.0722320480005691,0.32819549615388555,-1.12396717656938,0.9998337980048456,0.22111422705807215,-0.027728026561275196,0.18905204207453236
sub-80,sternberg,0.8424483402109376,-0.248005312631886,0.7218889535788815,-1.001746585494184,-0.35461773365068805,-0.08382727299386974,-0.18972479569514705
